:START_ID,:END_ID,:TYPE
Minh Mạng,Thiệu Trị,TIỀN_NHIỆM_CỦA
Minh Mạng,Gia Long,KẾ_NHIỆM_CỦA
Minh Mạng,Tá Thiên Nhân Hoàng hậu,PHỐI_NGẪU_VỚI
Minh Mạng,"Thiệu Trị  và 142 người khác, bao gồm 78 hoàng tử và 64 công chúa",LÀ_CHA_CỦA
Bảo Đại,Triều đại sụp đổ,TIỀN_NHIỆM_CỦA
Bảo Đại,Hồ Chí Minh,TIỀN_NHIỆM_CỦA
Bảo Đại,Khải Định,KẾ_NHIỆM_CỦA
Tự Đức,Dục Đức,TIỀN_NHIỆM_CỦA
Tự Đức,Thiệu Trị,KẾ_NHIỆM_CỦA
Tự Đức,"Không có con ruột, tất cả đều là con nuôiNguyễn Phúc Ưng ÁiNguyễn Phúc Ưng KỷNguyễn Phúc Ưng Đăng",LÀ_CHA_CỦA
Thành Thái,Duy Tân,TIỀN_NHIỆM_CỦA
Thành Thái,Đồng Khánh,KẾ_NHIỆM_CỦA
Thành Thái,16 hoàng tử và nhiều công chúa,LÀ_CHA_CỦA
Thiệu Trị,Tự Đức,TIỀN_NHIỆM_CỦA
Thiệu Trị,Minh Mạng,KẾ_NHIỆM_CỦA
Thiệu Trị,"64 người, gồm 29 hoàng tử và 35 công chúa",LÀ_CHA_CỦA
Dục Đức,Hiệp Hòa,TIỀN_NHIỆM_CỦA
Dục Đức,Tự Đức,KẾ_NHIỆM_CỦA
Dục Đức,"19 người con, bao gồm 11 hoàng tử và 8 công chúa",LÀ_CHA_CỦA
Kiến Phúc,Hàm Nghi,TIỀN_NHIỆM_CỦA
Kiến Phúc,Hiệp Hòa,KẾ_NHIỆM_CỦA
Đồng Khánh,Thành Thái,TIỀN_NHIỆM_CỦA
Đồng Khánh,Hàm Nghi,KẾ_NHIỆM_CỦA
Đồng Khánh,6 hoàng tử và 3 công chúa,LÀ_CHA_CỦA
Hàm Nghi,Đồng Khánh,TIỀN_NHIỆM_CỦA
Hàm Nghi,Kiến Phúc,KẾ_NHIỆM_CỦA
Hàm Nghi,Nguyễn Phúc Như MaiNguyễn Phúc Như LýNguyễn Phúc Minh Đức,LÀ_CHA_CỦA
Duy Tân,Khải Định,TIỀN_NHIỆM_CỦA
Duy Tân,Thành Thái,KẾ_NHIỆM_CỦA
Duy Tân,Mai Thị VàngMarie Anne VialeFernande AntierErnestin Maillot,PHỐI_NGẪU_VỚI
Duy Tân,Armand VialeThérèseSuzy Vĩnh SanSolangeGeorges Vĩnh SanClaude Vĩnh SanJoseph Roger Vĩnh SanGinetteAndrée Vĩnh San,LÀ_CHA_CỦA
Khải Định,Bảo Đại,TIỀN_NHIỆM_CỦA
Khải Định,Duy Tân,KẾ_NHIỆM_CỦA
Khải Định,Bảo Đại,LÀ_CHA_CỦA
Hiệp Hòa,Kiến Phúc,TIỀN_NHIỆM_CỦA
Hiệp Hòa,Dục Đức,KẾ_NHIỆM_CỦA
Hiệp Hòa,11 hoàng tử6 công chúa,LÀ_CHA_CỦA
Bùi Thị Xuân,Nhà Tây Sơn,PHỤC_VỤ
Nguyễn Văn Hinh,Chiến tranh Đông Dương,THAM_GIA_SỰ_KIỆN
Lê Văn Duyệt,Chúa Nguyễn,PHỤC_VỤ
Minh Mạng,Vua Việt Nam,LIÊN_KẾT_TỚI
Minh Mạng,John Crawfurd,LIÊN_KẾT_TỚI
Minh Mạng,Đăng đàn cung,LIÊN_KẾT_TỚI
Minh Mạng,Thuận Thiên Cao Hoàng hậu,LIÊN_KẾT_TỚI
Minh Mạng,Thánh Tổ,LIÊN_KẾT_TỚI
Minh Mạng,Gia Định,LIÊN_KẾT_TỚI
Minh Mạng,Đại Việt,LIÊN_KẾT_TỚI
Minh Mạng,Huế,LIÊN_KẾT_TỚI
Minh Mạng,Lăng Minh Mạng,LIÊN_KẾT_TỚI
Minh Mạng,Nho giáo,LIÊN_KẾT_TỚI
Minh Mạng,Phật giáo,LIÊN_KẾT_TỚI
Minh Mạng,Nội các,LIÊN_KẾT_TỚI
Minh Mạng,Cơ mật viện,LIÊN_KẾT_TỚI
Minh Mạng,Hà Nội,LIÊN_KẾT_TỚI
Minh Mạng,Gia Định thành,LIÊN_KẾT_TỚI
Minh Mạng,Quân đội nhà Nguyễn,LIÊN_KẾT_TỚI
Minh Mạng,Bắc kỳ,LIÊN_KẾT_TỚI
Minh Mạng,Nam kỳ,LIÊN_KẾT_TỚI
Minh Mạng,Phan Bá Vành,LIÊN_KẾT_TỚI
Minh Mạng,Lê Duy Lương,LIÊN_KẾT_TỚI
Minh Mạng,Nông Văn Vân,LIÊN_KẾT_TỚI
Minh Mạng,Lê Văn Khôi,LIÊN_KẾT_TỚI
Minh Mạng,Trấn Ninh,LIÊN_KẾT_TỚI
Minh Mạng,Lào,LIÊN_KẾT_TỚI
Minh Mạng,Chân Lạp,LIÊN_KẾT_TỚI
Minh Mạng,Phnôm Pênh,LIÊN_KẾT_TỚI
Minh Mạng,Trấn Tây Thành,LIÊN_KẾT_TỚI
Minh Mạng,Xiêm La,LIÊN_KẾT_TỚI
Minh Mạng,Tân Hợi,LIÊN_KẾT_TỚI
Minh Mạng,Thành phố Hồ Chí Minh,LIÊN_KẾT_TỚI
Minh Mạng,Trần Trọng Kim,LIÊN_KẾT_TỚI
Minh Mạng,Việt Nam sử lược,LIÊN_KẾT_TỚI
Minh Mạng,Đàng Trong,LIÊN_KẾT_TỚI
Minh Mạng,Vương Hồng Sển,LIÊN_KẾT_TỚI
Minh Mạng,Nguyễn Huỳnh Đức,LIÊN_KẾT_TỚI
Minh Mạng,Lê Văn Duyệt,LIÊN_KẾT_TỚI
Minh Mạng,Đặng Đức Siêu,LIÊN_KẾT_TỚI
Minh Mạng,Nguyễn Phúc Cảnh,LIÊN_KẾT_TỚI
Minh Mạng,Thái tử,LIÊN_KẾT_TỚI
Minh Mạng,Nguyễn Văn Thành (quan nhà Nguyễn),LIÊN_KẾT_TỚI
Minh Mạng,Tháng mười hai,LIÊN_KẾT_TỚI
Minh Mạng,Kỷ Mão,LIÊN_KẾT_TỚI
Minh Mạng,Canh Thìn,LIÊN_KẾT_TỚI
Minh Mạng,Ngoại giao Việt Nam thời Nguyễn,LIÊN_KẾT_TỚI
Minh Mạng,Xu bạc,LIÊN_KẾT_TỚI
Minh Mạng,Tiền thưởng triều Nguyễn,LIÊN_KẾT_TỚI
Minh Mạng,Đô la Tây Ban Nha,LIÊN_KẾT_TỚI
Minh Mạng,Đô la thương mại,LIÊN_KẾT_TỚI
Minh Mạng,Nhà Thanh,LIÊN_KẾT_TỚI
Minh Mạng,Tên gọi Việt Nam,LIÊN_KẾT_TỚI
Minh Mạng,Đại Nam thực lục,LIÊN_KẾT_TỚI
Minh Mạng,Quốc sử quán (nhà Nguyễn),LIÊN_KẾT_TỚI
Minh Mạng,Nguyễn Hoàng,LIÊN_KẾT_TỚI
Minh Mạng,Việt Thường,LIÊN_KẾT_TỚI
Minh Mạng,Bắc Kỳ,LIÊN_KẾT_TỚI
Minh Mạng,Trung Kỳ,LIÊN_KẾT_TỚI
Minh Mạng,Nam Kỳ,LIÊN_KẾT_TỚI
Minh Mạng,Tổng đốc,LIÊN_KẾT_TỚI
Minh Mạng,Tuần phủ,LIÊN_KẾT_TỚI
Minh Mạng,Thừa Thiên,LIÊN_KẾT_TỚI
Minh Mạng,Án sát,LIÊN_KẾT_TỚI
Minh Mạng,Lãnh binh,LIÊN_KẾT_TỚI
Minh Mạng,Viện cơ mật (Huế),LIÊN_KẾT_TỚI
Minh Mạng,Tông Nhân phủ,LIÊN_KẾT_TỚI
Minh Mạng,Campuchia,LIÊN_KẾT_TỚI
Minh Mạng,Hành chính Việt Nam thời Nguyễn,LIÊN_KẾT_TỚI
Minh Mạng,Bính Thân,LIÊN_KẾT_TỚI
Minh Mạng,Cao Bằng,LIÊN_KẾT_TỚI
Minh Mạng,Phan Huy Lê,LIÊN_KẾT_TỚI
Minh Mạng,Lê Thánh Tông,LIÊN_KẾT_TỚI
Minh Mạng,Bắc Hà,LIÊN_KẾT_TỚI
Minh Mạng,Quảng Nam,LIÊN_KẾT_TỚI
Minh Mạng,Bình Định (tỉnh),LIÊN_KẾT_TỚI
Minh Mạng,Nghệ An,LIÊN_KẾT_TỚI
Minh Mạng,Quảng Bình (tỉnh),LIÊN_KẾT_TỚI
Minh Mạng,Quảng Ngãi,LIÊN_KẾT_TỚI
Minh Mạng,Thanh Hóa,LIÊN_KẾT_TỚI
Minh Mạng,Quảng Trị,LIÊN_KẾT_TỚI
Minh Mạng,Phú Yên (tỉnh),LIÊN_KẾT_TỚI
Minh Mạng,Bình Thuận (tỉnh),LIÊN_KẾT_TỚI
Minh Mạng,Ninh Bình,LIÊN_KẾT_TỚI
Minh Mạng,Bắc Thành,LIÊN_KẾT_TỚI
Minh Mạng,Gia Định Thành,LIÊN_KẾT_TỚI
Minh Mạng,Thuế thân,LIÊN_KẾT_TỚI
Minh Mạng,Nam Hà,LIÊN_KẾT_TỚI
Minh Mạng,Gia Định thành thông chí,LIÊN_KẾT_TỚI
Minh Mạng,Lịch triều hiến chương loại chí,LIÊN_KẾT_TỚI
Minh Mạng,Tùng Thiện Vương,LIÊN_KẾT_TỚI
Minh Mạng,Tuy Lý Vương,LIÊN_KẾT_TỚI
Minh Mạng,Tương An Quận Vương,LIÊN_KẾT_TỚI
Minh Mạng,Tự Đức,LIÊN_KẾT_TỚI
Minh Mạng,Quốc tử giám,LIÊN_KẾT_TỚI
Minh Mạng,Hoàng thành Huế,LIÊN_KẾT_TỚI
Minh Mạng,Miền Bắc (Việt Nam),LIÊN_KẾT_TỚI
Minh Mạng,Miền Nam (Việt Nam),LIÊN_KẾT_TỚI
Minh Mạng,Nam Bộ Việt Nam,LIÊN_KẾT_TỚI
Minh Mạng,Trịnh Hoài Đức,LIÊN_KẾT_TỚI
Minh Mạng,Tiếng Thái,LIÊN_KẾT_TỚI
Minh Mạng,Bắc Bộ Việt Nam,LIÊN_KẾT_TỚI
Minh Mạng,Hưng Yên,LIÊN_KẾT_TỚI
Minh Mạng,Hoàng Văn Lịch,LIÊN_KẾT_TỚI
Minh Mạng,Hà Tông Quyền,LIÊN_KẾT_TỚI
Minh Mạng,Nguyễn Tri Phương,LIÊN_KẾT_TỚI
Minh Mạng,Hoàng Quýnh,LIÊN_KẾT_TỚI
Minh Mạng,Lê Chất,LIÊN_KẾT_TỚI
Minh Mạng,Phạm Văn Sơn,LIÊN_KẾT_TỚI
Minh Mạng,Xiêm,LIÊN_KẾT_TỚI
Minh Mạng,Nhà Lê trung hưng,LIÊN_KẾT_TỚI
Minh Mạng,Nam Định (tỉnh),LIÊN_KẾT_TỚI
Minh Mạng,Tuyên Quang,LIÊN_KẾT_TỚI
Minh Mạng,Hải Dương (tỉnh),LIÊN_KẾT_TỚI
Minh Mạng,Nguyễn Công Trứ,LIÊN_KẾT_TỚI
Minh Mạng,Nguyễn Hữu Thận,LIÊN_KẾT_TỚI
Minh Mạng,Đinh Hợi,LIÊN_KẾT_TỚI
Minh Mạng,Nghệ Tĩnh,LIÊN_KẾT_TỚI
Minh Mạng,Tạ Quang Cự,LIÊN_KẾT_TỚI
Minh Mạng,Bảo Lạc,LIÊN_KẾT_TỚI
Minh Mạng,Hà Giang (tỉnh),LIÊN_KẾT_TỚI
Minh Mạng,Bắc Kạn (tỉnh),LIÊN_KẾT_TỚI
Minh Mạng,Lạng Sơn,LIÊN_KẾT_TỚI
Minh Mạng,Thái Nguyên,LIÊN_KẾT_TỚI
Minh Mạng,Panduranga,LIÊN_KẾT_TỚI
Minh Mạng,Hồi giáo,LIÊN_KẾT_TỚI
Minh Mạng,Nổi dậy Katip Sumat,LIÊN_KẾT_TỚI
Minh Mạng,Phan Rang,LIÊN_KẾT_TỚI
Minh Mạng,Po Phaok The,LIÊN_KẾT_TỚI
Minh Mạng,Việt sử toàn thư,LIÊN_KẾT_TỚI
Minh Mạng,Tống Phước Lương,LIÊN_KẾT_TỚI
Minh Mạng,Nguyễn Xuân,LIÊN_KẾT_TỚI
Minh Mạng,Phan Văn Thúy,LIÊN_KẾT_TỚI
Minh Mạng,Trương Minh Giảng,LIÊN_KẾT_TỚI
Minh Mạng,Trần Văn Năng,LIÊN_KẾT_TỚI
Minh Mạng,Tháng tám,LIÊN_KẾT_TỚI
Minh Mạng,Thái Công Triều,LIÊN_KẾT_TỚI
Minh Mạng,Rama III,LIÊN_KẾT_TỚI
Minh Mạng,Chao Phraya Bodin Decha,LIÊN_KẾT_TỚI
Minh Mạng,Prayurawongse,LIÊN_KẾT_TỚI
Minh Mạng,Vàm Nao (sông),LIÊN_KẾT_TỚI
Minh Mạng,Tháng chín,LIÊN_KẾT_TỚI
Minh Mạng,Cố đô Huế,LIÊN_KẾT_TỚI
Minh Mạng,Joseph Marchand,LIÊN_KẾT_TỚI
Minh Mạng,Trung Quốc,LIÊN_KẾT_TỚI
Minh Mạng,Nhà Tây Sơn,LIÊN_KẾT_TỚI
Minh Mạng,Thái Lan,LIÊN_KẾT_TỚI
Minh Mạng,Rama I,LIÊN_KẾT_TỚI
Minh Mạng,Rama II,LIÊN_KẾT_TỚI
Minh Mạng,Vạn Tượng,LIÊN_KẾT_TỚI
Minh Mạng,Anouvong,LIÊN_KẾT_TỚI
Minh Mạng,Nguyễn Văn Xuân (tướng nhà Nguyễn),LIÊN_KẾT_TỚI
Minh Mạng,Viêng Chăn,LIÊN_KẾT_TỚI
Minh Mạng,Phạm Văn Điển,LIÊN_KẾT_TỚI
Minh Mạng,Tham tán Quân vụ,LIÊN_KẾT_TỚI
Minh Mạng,Xamneua,LIÊN_KẾT_TỚI
Minh Mạng,Bồn Man,LIÊN_KẾT_TỚI
Minh Mạng,Khammuane,LIÊN_KẾT_TỚI
Minh Mạng,Savannakhet,LIÊN_KẾT_TỚI
Minh Mạng,Lê Đại Cương,LIÊN_KẾT_TỚI
Minh Mạng,Giáp Ngọ,LIÊN_KẾT_TỚI
Minh Mạng,Ang Chan II,LIÊN_KẾT_TỚI
Minh Mạng,Ang Mey,LIÊN_KẾT_TỚI
Minh Mạng,Ang Duong,LIÊN_KẾT_TỚI
Minh Mạng,Ang Em (hoàng tử),LIÊN_KẾT_TỚI
Minh Mạng,An Giang,LIÊN_KẾT_TỚI
Minh Mạng,Vùng văn hóa Đông Á,LIÊN_KẾT_TỚI
Minh Mạng,Hoa Kỳ,LIÊN_KẾT_TỚI
Minh Mạng,Nhâm Thìn,LIÊN_KẾT_TỚI
Minh Mạng,Edmund Roberts,LIÊN_KẾT_TỚI
Minh Mạng,Tổng thống Hoa Kỳ,LIÊN_KẾT_TỚI
Minh Mạng,Andrew Jackson,LIÊN_KẾT_TỚI
Minh Mạng,Pierre Borie,LIÊN_KẾT_TỚI
Minh Mạng,Công giáo Rôma,LIÊN_KẾT_TỚI
Minh Mạng,Ất Dậu,LIÊN_KẾT_TỚI
Minh Mạng,Đà Nẵng,LIÊN_KẾT_TỚI
Minh Mạng,Nero,LIÊN_KẾT_TỚI
Minh Mạng,Đế quốc La Mã,LIÊN_KẾT_TỚI
Minh Mạng,Phêrô,LIÊN_KẾT_TỚI
Minh Mạng,Hội Thừa sai Paris,LIÊN_KẾT_TỚI
Minh Mạng,Louis-Philippe I của Pháp,LIÊN_KẾT_TỚI
Minh Mạng,Công giáo,LIÊN_KẾT_TỚI
Minh Mạng,Thành Bát Quái,LIÊN_KẾT_TỚI
Minh Mạng,Chao Phraya Bodin,LIÊN_KẾT_TỚI
Minh Mạng,Vịnh Thái Lan,LIÊN_KẾT_TỚI
Minh Mạng,Chợ Thủ,LIÊN_KẾT_TỚI
Minh Mạng,Châu Đốc,LIÊN_KẾT_TỚI
Minh Mạng,Hà Tiên (tỉnh),LIÊN_KẾT_TỚI
Minh Mạng,Nam Vang,LIÊN_KẾT_TỚI
Minh Mạng,Lê Văn Đức,LIÊN_KẾT_TỚI
Minh Mạng,Doãn Uẩn,LIÊN_KẾT_TỚI
Minh Mạng,Vọng Các,LIÊN_KẾT_TỚI
Minh Mạng,Battambang,LIÊN_KẾT_TỚI
Minh Mạng,Oudong,LIÊN_KẾT_TỚI
Minh Mạng,Nguyễn Tiến Lâm,LIÊN_KẾT_TỚI
Minh Mạng,Vương quốc Viêng Chăn,LIÊN_KẾT_TỚI
Minh Mạng,Liên bang Đông Dương,LIÊN_KẾT_TỚI
Minh Mạng,Huaphanh,LIÊN_KẾT_TỚI
Minh Mạng,Xiengkhuang,LIÊN_KẾT_TỚI
Minh Mạng,Trương Đăng Quế,LIÊN_KẾT_TỚI
Minh Mạng,Canh Tý,LIÊN_KẾT_TỚI
Minh Mạng,Thụy hiệu,LIÊN_KẾT_TỚI
Minh Mạng,Hương Trà,LIÊN_KẾT_TỚI
Minh Mạng,Hồ Thị Hoa,LIÊN_KẾT_TỚI
Minh Mạng,Lăng Thiệu Trị,LIÊN_KẾT_TỚI
Minh Mạng,Hương Thủy,LIÊN_KẾT_TỚI
Minh Mạng,Hồ Văn Bôi,LIÊN_KẾT_TỚI
Minh Mạng,Ngô Thị Chính,LIÊN_KẾT_TỚI
Minh Mạng,Phạm Thị Tuyết,LIÊN_KẾT_TỚI
Minh Mạng,Quang lộc tự,LIÊN_KẾT_TỚI
Minh Mạng,Trần Thị Tuyến,LIÊN_KẾT_TỚI
Minh Mạng,Nguyễn Thị Bảo,LIÊN_KẾT_TỚI
Minh Mạng,Trần Thị Huân,LIÊN_KẾT_TỚI
Minh Mạng,Hồ Thị Tùy,LIÊN_KẾT_TỚI
Minh Mạng,Nguyễn Thị Khuê,LIÊN_KẾT_TỚI
Minh Mạng,Nguyễn Văn Thanh,LIÊN_KẾT_TỚI
Minh Mạng,Nguyễn Thị Thúy Trúc,LIÊN_KẾT_TỚI
Minh Mạng,Lê Thị Ái,LIÊN_KẾT_TỚI
Minh Mạng,Nguyễn Thị Viên,LIÊN_KẾT_TỚI
Minh Mạng,Lương Thị Nguyện,LIÊN_KẾT_TỚI
Minh Mạng,Cái Thị Trinh,LIÊN_KẾT_TỚI
Minh Mạng,Nguyễn Thị Trường,LIÊN_KẾT_TỚI
Minh Mạng,Đỗ Thị Tùng,LIÊN_KẾT_TỚI
Minh Mạng,Đỗ Thị Tâm (nhà Nguyễn),LIÊN_KẾT_TỚI
Minh Mạng,Lê Thị Lộc,LIÊN_KẾT_TỚI
Minh Mạng,Nguyễn Thị Hạnh,LIÊN_KẾT_TỚI
Minh Mạng,Nguyễn Thị Bân,LIÊN_KẾT_TỚI
Minh Mạng,Đoàn Thị Thụy,LIÊN_KẾT_TỚI
Minh Mạng,Đinh Thị Nghĩa,LIÊN_KẾT_TỚI
Minh Mạng,Trần Thị Tiền,LIÊN_KẾT_TỚI
Minh Mạng,Nguyễn Thị Tính,LIÊN_KẾT_TỚI
Minh Mạng,Đỗ Thị Cương,LIÊN_KẾT_TỚI
Minh Mạng,Trần Thị Thanh,LIÊN_KẾT_TỚI
Minh Mạng,Trần Thị Trúc,LIÊN_KẾT_TỚI
Minh Mạng,Trần Thị Tiêm,LIÊN_KẾT_TỚI
Minh Mạng,Bùi Thị San,LIÊN_KẾT_TỚI
Minh Mạng,Trần Thị Nghiêm,LIÊN_KẾT_TỚI
Minh Mạng,Cung tần,LIÊN_KẾT_TỚI
Minh Mạng,Cao Xuân Dục,LIÊN_KẾT_TỚI
Minh Mạng,Ngô Tất Tố,LIÊN_KẾT_TỚI
Minh Mạng,Nhà Lê sơ,LIÊN_KẾT_TỚI
Minh Mạng,Lê Thái Tổ,LIÊN_KẾT_TỚI
Minh Mạng,Lê Nhân Tông,LIÊN_KẾT_TỚI
Minh Mạng,Keith Weller Taylor,LIÊN_KẾT_TỚI
Gia Long,Nguyễn Phúc Luân,LIÊN_KẾT_TỚI
Gia Long,Nguyễn Thị Hoàn,LIÊN_KẾT_TỚI
Gia Long,Tống Phúc Thị Lan,LIÊN_KẾT_TỚI
Gia Long,Trần Thị Đang,LIÊN_KẾT_TỚI
Gia Long,Nguyễn Phúc Cảnh,LIÊN_KẾT_TỚI
Gia Long,Phú Xuân,LIÊN_KẾT_TỚI
Gia Long,Đàng Trong,LIÊN_KẾT_TỚI
Gia Long,Đại Việt,LIÊN_KẾT_TỚI
Gia Long,Hoàng thành Huế,LIÊN_KẾT_TỚI
Gia Long,Thiên Thọ Lăng,LIÊN_KẾT_TỚI
Gia Long,Vua Việt Nam,LIÊN_KẾT_TỚI
Gia Long,Chúa Nguyễn,LIÊN_KẾT_TỚI
Gia Long,Nguyễn Phúc Dương,LIÊN_KẾT_TỚI
Gia Long,Nguyễn Phước tộc,LIÊN_KẾT_TỚI
Gia Long,Khổng giáo,LIÊN_KẾT_TỚI
Gia Long,Nguyễn Phúc Khoát,LIÊN_KẾT_TỚI
Gia Long,Tây Sơn (huyện Bình Định),LIÊN_KẾT_TỚI
Gia Long,Xiêm,LIÊN_KẾT_TỚI
Gia Long,Nam Bộ,LIÊN_KẾT_TỚI
Gia Long,Quang Trung,LIÊN_KẾT_TỚI
Gia Long,Các tên gọi của nước Việt Nam,LIÊN_KẾT_TỚI
Gia Long,Cố đô Huế,LIÊN_KẾT_TỚI
Gia Long,Trung Quốc,LIÊN_KẾT_TỚI
Gia Long,Quần đảo Hoàng Sa,LIÊN_KẾT_TỚI
Gia Long,Quần đảo Trường Sa,LIÊN_KẾT_TỚI
Gia Long,Bồn Man,LIÊN_KẾT_TỚI
Gia Long,Vương quốc Viêng Chăn,LIÊN_KẾT_TỚI
Gia Long,Khâm định Việt sử Thông giám cương mục,LIÊN_KẾT_TỚI
Gia Long,Công giáo tại Việt Nam,LIÊN_KẾT_TỚI
Gia Long,Nhà Tây Sơn,LIÊN_KẾT_TỚI
Gia Long,Hoàng Việt luật lệ,LIÊN_KẾT_TỚI
Gia Long,Đế quốc thực dân Pháp,LIÊN_KẾT_TỚI
Gia Long,Nhâm Ngọ,LIÊN_KẾT_TỚI
Gia Long,Quảng Bình (tỉnh),LIÊN_KẾT_TỚI
Gia Long,Trương Phúc Loan,LIÊN_KẾT_TỚI
Gia Long,Nguyễn Phúc Thuần,LIÊN_KẾT_TỚI
Gia Long,Nguyễn Nhạc,LIÊN_KẾT_TỚI
Gia Long,Nguyễn Lữ,LIÊN_KẾT_TỚI
Gia Long,Hoàng Ngũ Phúc,LIÊN_KẾT_TỚI
Gia Long,Quảng Nam,LIÊN_KẾT_TỚI
Gia Long,Gia Định,LIÊN_KẾT_TỚI
Gia Long,Miền Nam (Việt Nam),LIÊN_KẾT_TỚI
Gia Long,Đỗ Thanh Nhơn,LIÊN_KẾT_TỚI
Gia Long,Lý Tài,LIÊN_KẾT_TỚI
Gia Long,Sơn Nam,LIÊN_KẾT_TỚI
Gia Long,Long An (tỉnh),LIÊN_KẾT_TỚI
Gia Long,Mỹ Tho,LIÊN_KẾT_TỚI
Gia Long,Nguyễn Ánh,LIÊN_KẾT_TỚI
Gia Long,Thành phố Hồ Chí Minh,LIÊN_KẾT_TỚI
Gia Long,Cao Miên,LIÊN_KẾT_TỚI
Gia Long,Trương Phước Thận,LIÊN_KẾT_TỚI
Gia Long,Thái thượng vương,LIÊN_KẾT_TỚI
Gia Long,Nguyễn Huệ,LIÊN_KẾT_TỚI
Gia Long,Linh mục,LIÊN_KẾT_TỚI
Gia Long,Rạch Giá,LIÊN_KẾT_TỚI
Gia Long,Hà Tiên (tỉnh),LIÊN_KẾT_TỚI
Gia Long,Giám mục,LIÊN_KẾT_TỚI
Gia Long,Société des Missions Étrangères,LIÊN_KẾT_TỚI
Gia Long,Bá Đa Lộc,LIÊN_KẾT_TỚI
Gia Long,Campuchia,LIÊN_KẾT_TỚI
Gia Long,Thổ Châu,LIÊN_KẾT_TỚI
Gia Long,Long Xuyên (huyện),LIÊN_KẾT_TỚI
Gia Long,Sa Đéc,LIÊN_KẾT_TỚI
Gia Long,Lê Văn Quân,LIÊN_KẾT_TỚI
Gia Long,Lấp Vò,LIÊN_KẾT_TỚI
Gia Long,Đồng Tháp,LIÊN_KẾT_TỚI
Gia Long,Lai Vung,LIÊN_KẾT_TỚI
Gia Long,Long Xuyên,LIÊN_KẾT_TỚI
Gia Long,Phạm Ngạn,LIÊN_KẾT_TỚI
Gia Long,Trấn Biên,LIÊN_KẾT_TỚI
Gia Long,Bến Lức,LIÊN_KẾT_TỚI
Gia Long,Bến Nghé,LIÊN_KẾT_TỚI
Gia Long,Lê Văn Duyệt,LIÊN_KẾT_TỚI
Gia Long,Thành Gia Định,LIÊN_KẾT_TỚI
Gia Long,Tống Phúc Thiêm,LIÊN_KẾT_TỚI
Gia Long,Chân Lạp,LIÊN_KẾT_TỚI
Gia Long,Dương Công Trừng,LIÊN_KẾT_TỚI
Gia Long,Tháng một,LIÊN_KẾT_TỚI
Gia Long,Lê Hiển Tông,LIÊN_KẾT_TỚI
Gia Long,Bửu tỷ triều Nguyễn,LIÊN_KẾT_TỚI
Gia Long,Quảng Đông,LIÊN_KẾT_TỚI
Gia Long,Hà Tiên,LIÊN_KẾT_TỚI
Gia Long,Taksin,LIÊN_KẾT_TỚI
Gia Long,Tôn Thất Xuân,LIÊN_KẾT_TỚI
Gia Long,Mạc Thiên Tứ,LIÊN_KẾT_TỚI
Gia Long,Băng Cốc,LIÊN_KẾT_TỚI
Gia Long,Mạc Tử Dung,LIÊN_KẾT_TỚI
Gia Long,Tháng mười,LIÊN_KẾT_TỚI
Gia Long,Rama I,LIÊN_KẾT_TỚI
Gia Long,Maha Sura Singhanat,LIÊN_KẾT_TỚI
Gia Long,Gia Long tẩu quốc,LIÊN_KẾT_TỚI
Gia Long,Tân Dân Tử,LIÊN_KẾT_TỚI
Gia Long,Bồ Đào Nha,LIÊN_KẾT_TỚI
Gia Long,Phú Yên (tỉnh),LIÊN_KẾT_TỚI
Gia Long,Cần Giờ,LIÊN_KẾT_TỚI
Gia Long,Romdoul,LIÊN_KẾT_TỚI
Gia Long,Ang Eng,LIÊN_KẾT_TỚI
Gia Long,Hòa Nghĩa,LIÊN_KẾT_TỚI
Gia Long,Cù lao Phố,LIÊN_KẾT_TỚI
Gia Long,Hội An,LIÊN_KẾT_TỚI
Gia Long,Hậu Giang,LIÊN_KẾT_TỚI
Gia Long,Xiêm La,LIÊN_KẾT_TỚI
Gia Long,Phú Quốc,LIÊN_KẾT_TỚI
Gia Long,Quy Nhơn,LIÊN_KẾT_TỚI
Gia Long,Châu Văn Tiếp,LIÊN_KẾT_TỚI
Gia Long,Bình Thuận (tỉnh),LIÊN_KẾT_TỚI
Gia Long,Nguyễn Huỳnh Đức,LIÊN_KẾT_TỚI
Gia Long,Vàm Cỏ Đông,LIÊN_KẾT_TỚI
Gia Long,Người Hoa (Việt Nam),LIÊN_KẾT_TỚI
Gia Long,Huỳnh Minh,LIÊN_KẾT_TỚI
Gia Long,Tạ Chí Đại Trường,LIÊN_KẾT_TỚI
Gia Long,Koh Rong,LIÊN_KẾT_TỚI
Gia Long,Đại Nam thực lục,LIÊN_KẾT_TỚI
Gia Long,Côn Đảo,LIÊN_KẾT_TỚI
Gia Long,Trương Văn Đa,LIÊN_KẾT_TỚI
Gia Long,Cổ Cốt,LIÊN_KẾT_TỚI
Gia Long,Chanthaburi (tỉnh),LIÊN_KẾT_TỚI
Gia Long,Louis XVI của Pháp,LIÊN_KẾT_TỚI
Gia Long,Bình Tuy,LIÊN_KẾT_TỚI
Gia Long,La Gi,LIÊN_KẾT_TỚI
Gia Long,Cà Mau,LIÊN_KẾT_TỚI
Gia Long,Giáp Thìn,LIÊN_KẾT_TỚI
Gia Long,Bangkok,LIÊN_KẾT_TỚI
Gia Long,Nguyễn Văn Thành (quan nhà Nguyễn),LIÊN_KẾT_TỚI
Gia Long,Thống chế Điều bát,LIÊN_KẾT_TỚI
Gia Long,Người Khmer (Việt Nam),LIÊN_KẾT_TỚI
Gia Long,Lào,LIÊN_KẾT_TỚI
Gia Long,Mạc Tử Sanh,LIÊN_KẾT_TỚI
Gia Long,Krom Luang Thepharirak,LIÊN_KẾT_TỚI
Gia Long,Sóc Trăng (tỉnh),LIÊN_KẾT_TỚI
Gia Long,Trà Ôn,LIÊN_KẾT_TỚI
Gia Long,Mang Thít,LIÊN_KẾT_TỚI
Gia Long,Cần Thơ,LIÊN_KẾT_TỚI
Gia Long,Phan Huy Lê,LIÊN_KẾT_TỚI
Gia Long,Trấn Giang,LIÊN_KẾT_TỚI
Gia Long,Melaka,LIÊN_KẾT_TỚI
Gia Long,Puducherry,LIÊN_KẾT_TỚI
Gia Long,Ấn Độ,LIÊN_KẾT_TỚI
Gia Long,Myanmar,LIÊN_KẾT_TỚI
Gia Long,Sai Yok (huyện),LIÊN_KẾT_TỚI
Gia Long,Mã Lai,LIÊN_KẾT_TỚI
Gia Long,Pondicherry,LIÊN_KẾT_TỚI
Gia Long,Lorient,LIÊN_KẾT_TỚI
Gia Long,Armand Marc de Montmorin Saint-Hérem,LIÊN_KẾT_TỚI
Gia Long,Đà Nẵng,LIÊN_KẾT_TỚI
Gia Long,Viễn Đông,LIÊN_KẾT_TỚI
Gia Long,Cách mạng Pháp,LIÊN_KẾT_TỚI
Gia Long,Trần Văn Giàu,LIÊN_KẾT_TỚI
Gia Long,Huế,LIÊN_KẾT_TỚI
Gia Long,Paris,LIÊN_KẾT_TỚI
Gia Long,An Nam,LIÊN_KẾT_TỚI
Gia Long,Goa,LIÊN_KẾT_TỚI
Gia Long,John Crawfurd,LIÊN_KẾT_TỚI
Gia Long,Phạm Văn Nhân,LIÊN_KẾT_TỚI
Gia Long,Hòn Tre (An Giang),LIÊN_KẾT_TỚI
Gia Long,Cần Giờ (huyện),LIÊN_KẾT_TỚI
Gia Long,Miếu Gia Long,LIÊN_KẾT_TỚI
Gia Long,Bắc Hà,LIÊN_KẾT_TỚI
Gia Long,Nguyễn Văn Trương,LIÊN_KẾT_TỚI
Gia Long,Phạm Văn Tham,LIÊN_KẾT_TỚI
Gia Long,Biên Hòa,LIÊN_KẾT_TỚI
Gia Long,Trà Ôn (thị trấn),LIÊN_KẾT_TỚI
Gia Long,Nguyễn Văn Hưng,LIÊN_KẾT_TỚI
Gia Long,Trần Trọng Kim,LIÊN_KẾT_TỚI
Gia Long,Võ Tánh,LIÊN_KẾT_TỚI
Gia Long,Vĩnh Long,LIÊN_KẾT_TỚI
Gia Long,Sông Hàm Luông,LIÊN_KẾT_TỚI
Gia Long,Jean-Marie Dayot,LIÊN_KẾT_TỚI
Gia Long,Thị Nại,LIÊN_KẾT_TỚI
Gia Long,Đệ Nhất Cộng hòa Pháp,LIÊN_KẾT_TỚI
Gia Long,Jean-Baptiste Chaigneau,LIÊN_KẾT_TỚI
Gia Long,Philippe Vannier,LIÊN_KẾT_TỚI
Gia Long,Olivier de Puymanel,LIÊN_KẾT_TỚI
Gia Long,Châu Đốc,LIÊN_KẾT_TỚI
Gia Long,Bà Rịa,LIÊN_KẾT_TỚI
Gia Long,Minh Hương,LIÊN_KẾT_TỚI
Gia Long,Võ Trường Toản,LIÊN_KẾT_TỚI
Gia Long,Trịnh Hoài Đức,LIÊN_KẾT_TỚI
Gia Long,Lê Quang Định,LIÊN_KẾT_TỚI
Gia Long,Ngô Tùng Châu,LIÊN_KẾT_TỚI
Gia Long,Ngụ binh ư nông,LIÊN_KẾT_TỚI
Gia Long,Vàm Cỏ,LIÊN_KẾT_TỚI
Gia Long,Lê Chiêu Thống,LIÊN_KẾT_TỚI
Gia Long,Ba Lai,LIÊN_KẾT_TỚI
Gia Long,Lên đồng,LIÊN_KẾT_TỚI
Gia Long,Thành Bát Quái,LIÊN_KẾT_TỚI
Gia Long,Trương Vĩnh Ký,LIÊN_KẾT_TỚI
Gia Long,Nguyễn Đình Đầu,LIÊN_KẾT_TỚI
Gia Long,Vauban,LIÊN_KẾT_TỚI
Gia Long,Châu Âu,LIÊN_KẾT_TỚI
Gia Long,Vũng Tàu,LIÊN_KẾT_TỚI
Gia Long,Đền Hiển Trung,LIÊN_KẾT_TỚI
Gia Long,Kiên Giang,LIÊN_KẾT_TỚI
Gia Long,Tây Ninh,LIÊN_KẾT_TỚI
Gia Long,John Barrow,LIÊN_KẾT_TỚI
Gia Long,Nha Trang,LIÊN_KẾT_TỚI
Gia Long,Vạn Tượng,LIÊN_KẾT_TỚI
Gia Long,Đại học California tại Los Angeles,LIÊN_KẾT_TỚI
Gia Long,Pigneau de Behaine,LIÊN_KẾT_TỚI
Gia Long,Phan Rí Cửa,LIÊN_KẾT_TỚI
Gia Long,Phan Rang – Tháp Chàm,LIÊN_KẾT_TỚI
Gia Long,Nguyễn Quang Toản,LIÊN_KẾT_TỚI
Gia Long,Lê Duy Cận,LIÊN_KẾT_TỚI
Gia Long,Bùi Đắc Tuyên,LIÊN_KẾT_TỚI
Gia Long,Bình Định (tỉnh),LIÊN_KẾT_TỚI
Gia Long,Võ Di Nguy,LIÊN_KẾT_TỚI
Gia Long,Nguyễn Văn Hòa,LIÊN_KẾT_TỚI
Gia Long,Diên Khánh,LIÊN_KẾT_TỚI
Gia Long,Nguyễn Văn Bảo,LIÊN_KẾT_TỚI
Gia Long,Ngô Văn Sở,LIÊN_KẾT_TỚI
Gia Long,Phạm Công Hưng,LIÊN_KẾT_TỚI
Gia Long,Thoại Ngọc Hầu,LIÊN_KẾT_TỚI
Gia Long,Inthavong,LIÊN_KẾT_TỚI
Gia Long,Trần Quang Diệu,LIÊN_KẾT_TỚI
Gia Long,Ba Ngòi,LIÊN_KẾT_TỚI
Gia Long,Khánh Hòa,LIÊN_KẾT_TỚI
Gia Long,Ninh Thuận,LIÊN_KẾT_TỚI
Gia Long,Quảng Ngãi,LIÊN_KẾT_TỚI
Gia Long,Lê Trung,LIÊN_KẾT_TỚI
Gia Long,Vũ Văn Dũng,LIÊN_KẾT_TỚI
Gia Long,Phan Huy Ích,LIÊN_KẾT_TỚI
Gia Long,Tôn Thất Hiệp (tướng nhà Nguyễn),LIÊN_KẾT_TỚI
Gia Long,Đèo Hải Vân,LIÊN_KẾT_TỚI
Gia Long,Nghệ An,LIÊN_KẾT_TỚI
Gia Long,Thuận Hóa,LIÊN_KẾT_TỚI
Gia Long,Lưu Phước Tường,LIÊN_KẾT_TỚI
Gia Long,Đặng Trần Thường,LIÊN_KẾT_TỚI
Gia Long,Ngô Nhân Tịnh,LIÊN_KẾT_TỚI
Gia Long,Lê Chất,LIÊN_KẾT_TỚI
Gia Long,Vũ Tuấn,LIÊN_KẾT_TỚI
Gia Long,Lê Văn Thanh,LIÊN_KẾT_TỚI
Gia Long,Cuộc bao vây thành Quy Nhơn,LIÊN_KẾT_TỚI
Gia Long,Thanh Hóa,LIÊN_KẾT_TỚI
Gia Long,Phạm Văn Trị,LIÊN_KẾT_TỚI
Gia Long,Nguyễn Quang Thùy,LIÊN_KẾT_TỚI
Gia Long,Nhật Lệ,LIÊN_KẾT_TỚI
Gia Long,Bùi Thị Xuân,LIÊN_KẾT_TỚI
Gia Long,Trấn Ninh,LIÊN_KẾT_TỚI
Gia Long,Võ Văn Dũng,LIÊN_KẾT_TỚI
Gia Long,Tây Nguyên,LIÊN_KẾT_TỚI
Gia Long,Thiệu Trị,LIÊN_KẾT_TỚI
Gia Long,Bính Dần,LIÊN_KẾT_TỚI
Gia Long,Thăng Long,LIÊN_KẾT_TỚI
Gia Long,Nguyễn Văn Siêu,LIÊN_KẾT_TỚI
Gia Long,Nhâm Tuất,LIÊN_KẾT_TỚI
Gia Long,Ngô Thì Nhậm,LIÊN_KẾT_TỚI
Gia Long,Nguyễn Phúc Đồng,LIÊN_KẾT_TỚI
Gia Long,Nguyễn Phúc Điển,LIÊN_KẾT_TỚI
Gia Long,Nguyễn Phúc Hạo,LIÊN_KẾT_TỚI
Gia Long,Nguyễn Phúc Mân,LIÊN_KẾT_TỚI
Gia Long,Nguyễn Phúc Ngọc Tuyền,LIÊN_KẾT_TỚI
Gia Long,Chúa Trịnh,LIÊN_KẾT_TỚI
Gia Long,Mãn Thanh,LIÊN_KẾT_TỚI
Gia Long,Xuân Thu,LIÊN_KẾT_TỚI
Gia Long,Trang công,LIÊN_KẾT_TỚI
Gia Long,Nguyễn Kim,LIÊN_KẾT_TỚI
Gia Long,Thượng thư,LIÊN_KẾT_TỚI
Gia Long,Bộ trưởng,LIÊN_KẾT_TỚI
Gia Long,Đô sát viện nhà Nguyễn,LIÊN_KẾT_TỚI
Gia Long,Tam Pháp Ty (nhà Nguyễn),LIÊN_KẾT_TỚI
Gia Long,Lê Thành Khôi,LIÊN_KẾT_TỚI
Gia Long,Nguyễn Văn Nhân,LIÊN_KẾT_TỚI
Gia Long,Lê Thánh Tông,LIÊN_KẾT_TỚI
Gia Long,Jean-Louis Taberd,LIÊN_KẾT_TỚI
Gia Long,Quốc Tử Giám (Huế),LIÊN_KẾT_TỚI
Gia Long,Hương Trà,LIÊN_KẾT_TỚI
Gia Long,Văn Miếu Huế,LIÊN_KẾT_TỚI
Gia Long,Duy Tân,LIÊN_KẾT_TỚI
Gia Long,Văn Miếu,LIÊN_KẾT_TỚI
Gia Long,Khổng Tử,LIÊN_KẾT_TỚI
Gia Long,Nho giáo,LIÊN_KẾT_TỚI
Gia Long,Nguyễn Huy Tự,LIÊN_KẾT_TỚI
Gia Long,Truyện Kiều,LIÊN_KẾT_TỚI
Gia Long,Nguyễn Du,LIÊN_KẾT_TỚI
Gia Long,Văn tế tướng sĩ trận vong,LIÊN_KẾT_TỚI
Gia Long,Phạm Quý Thích,LIÊN_KẾT_TỚI
Gia Long,Vũ Trinh,LIÊN_KẾT_TỚI
Gia Long,Nguyễn Đăng Sở,LIÊN_KẾT_TỚI
Gia Long,Lam Kinh,LIÊN_KẾT_TỚI
Gia Long,Khmer,LIÊN_KẾT_TỚI
Gia Long,Phật giáo tiểu thừa,LIÊN_KẾT_TỚI
Gia Long,Chăm,LIÊN_KẾT_TỚI
Gia Long,Miền Bắc (Việt Nam),LIÊN_KẾT_TỚI
Gia Long,Gia Khánh,LIÊN_KẾT_TỚI
Gia Long,Thiên tử,LIÊN_KẾT_TỚI
Gia Long,Nam Việt,LIÊN_KẾT_TỚI
Gia Long,Triệu Đà,LIÊN_KẾT_TỚI
Gia Long,Giáp Tí,LIÊN_KẾT_TỚI
Gia Long,Đông Dương,LIÊN_KẾT_TỚI
Gia Long,Louis XVI,LIÊN_KẾT_TỚI
Gia Long,Anh,LIÊN_KẾT_TỚI
Gia Long,Trà Sơn,LIÊN_KẾT_TỚI
Gia Long,Mỹ,LIÊN_KẾT_TỚI
Gia Long,Hoa Kỳ,LIÊN_KẾT_TỚI
Gia Long,Manila,LIÊN_KẾT_TỚI
Gia Long,Philippines,LIÊN_KẾT_TỚI
Gia Long,Ang Chan II,LIÊN_KẾT_TỚI
Gia Long,Đinh Mão,LIÊN_KẾT_TỚI
Gia Long,Ang Em (hoàng tử),LIÊN_KẾT_TỚI
Gia Long,Ang Duong,LIÊN_KẾT_TỚI
Gia Long,Phnôm Pênh,LIÊN_KẾT_TỚI
Gia Long,Pattani (vương quốc),LIÊN_KẾT_TỚI
Gia Long,Hồi giáo,LIÊN_KẾT_TỚI
Gia Long,Mạc Công Bính,LIÊN_KẾT_TỚI
Gia Long,Chao Phraya Bodin Decha,LIÊN_KẾT_TỚI
Gia Long,Xiengkhuang,LIÊN_KẾT_TỚI
Gia Long,Anouvong,LIÊN_KẾT_TỚI
Gia Long,Muang Phuan,LIÊN_KẾT_TỚI
Gia Long,Phật giáo,LIÊN_KẾT_TỚI
Gia Long,Thái Lan,LIÊN_KẾT_TỚI
Gia Long,Công giáo La Mã,LIÊN_KẾT_TỚI
Gia Long,Đạo giáo,LIÊN_KẾT_TỚI
Gia Long,Giáo hội Công giáo Rôma,LIÊN_KẾT_TỚI
Gia Long,Cửu vị thần công,LIÊN_KẾT_TỚI
Gia Long,Hà Tĩnh,LIÊN_KẾT_TỚI
Gia Long,Tuyên Quang,LIÊN_KẾT_TỚI
Gia Long,Hưng Hóa,LIÊN_KẾT_TỚI
Gia Long,Cao Bằng,LIÊN_KẾT_TỚI
Gia Long,Lạng Sơn,LIÊN_KẾT_TỚI
Gia Long,Thái Nguyên,LIÊN_KẾT_TỚI
Gia Long,Quảng Yên (tỉnh),LIÊN_KẾT_TỚI
Gia Long,Kinh thành Huế,LIÊN_KẾT_TỚI
Gia Long,Mã Sĩ Anh,LIÊN_KẾT_TỚI
Gia Long,Sơn Tây trấn,LIÊN_KẾT_TỚI
Gia Long,Hải Dương (tỉnh),LIÊN_KẾT_TỚI
Gia Long,Sơn Nam Hạ,LIÊN_KẾT_TỚI
Gia Long,Mường,LIÊN_KẾT_TỚI
Gia Long,Nổi dậy ở Đá Vách,LIÊN_KẾT_TỚI
Gia Long,Nguyễn Phúc Đảm,LIÊN_KẾT_TỚI
Gia Long,Nguyễn Phúc Mỹ Đường,LIÊN_KẾT_TỚI
Gia Long,Đại học Quốc gia Hàn Quốc,LIÊN_KẾT_TỚI
Gia Long,Đinh Sửu,LIÊN_KẾT_TỚI
Gia Long,Chữ Nôm,LIÊN_KẾT_TỚI
Gia Long,Hàn Tín,LIÊN_KẾT_TỚI
Gia Long,Hán Cao Tổ,LIÊN_KẾT_TỚI
Gia Long,Keith Weller Taylor,LIÊN_KẾT_TỚI
Gia Long,Đại học Cornell,LIÊN_KẾT_TỚI
Gia Long,Đại học British Columbia,LIÊN_KẾT_TỚI
Gia Long,Thế Miếu,LIÊN_KẾT_TỚI
Gia Long,Mậu Dần,LIÊN_KẾT_TỚI
Gia Long,Phạm Đăng Hưng,LIÊN_KẾT_TỚI
Gia Long,Kỷ Mão,LIÊN_KẾT_TỚI
Gia Long,Thái y viện,LIÊN_KẾT_TỚI
Gia Long,Xơ gan,LIÊN_KẾT_TỚI
Gia Long,Tống Thị Lan,LIÊN_KẾT_TỚI
Gia Long,Thế Tổ Miếu (hoàng thành Huế),LIÊN_KẾT_TỚI
Gia Long,Đại học Huế,LIÊN_KẾT_TỚI
Gia Long,Người Việt,LIÊN_KẾT_TỚI
Gia Long,Chăm Pa,LIÊN_KẾT_TỚI
Gia Long,Malaysia,LIÊN_KẾT_TỚI
Gia Long,Encyclopædia Britannica,LIÊN_KẾT_TỚI
Gia Long,Đông Á,LIÊN_KẾT_TỚI
Gia Long,Tôn Nhân phủ,LIÊN_KẾT_TỚI
Gia Long,Trương Thị Dung,LIÊN_KẾT_TỚI
Gia Long,Nguyễn Phúc Ngọc Tú,LIÊN_KẾT_TỚI
Gia Long,Nguyễn Phúc Ngọc Du,LIÊN_KẾT_TỚI
Gia Long,Lê Ngọc Bình,LIÊN_KẾT_TỚI
Gia Long,Lê Ngọc Hân,LIÊN_KẾT_TỚI
Gia Long,Nguyễn Phúc Bính,LIÊN_KẾT_TỚI
Gia Long,Duy Xuyên,LIÊN_KẾT_TỚI
Gia Long,Điện Bàn,LIÊN_KẾT_TỚI
Gia Long,Dương Trung (định hướng),LIÊN_KẾT_TỚI
Gia Long,Thừa Thiên Cao Hoàng hậu,LIÊN_KẾT_TỚI
Gia Long,"Thủy Xuân, Huế",LIÊN_KẾT_TỚI
Gia Long,Nguyễn Phúc Hy,LIÊN_KẾT_TỚI
Gia Long,Nguyễn Phúc Tuấn,LIÊN_KẾT_TỚI
Gia Long,Thuận Thiên Cao Hoàng hậu,LIÊN_KẾT_TỚI
Gia Long,Nguyễn Phúc Đài,LIÊN_KẾT_TỚI
Gia Long,Nguyễn Phúc Tấn,LIÊN_KẾT_TỚI
Gia Long,Nguyễn Phúc Phổ,LIÊN_KẾT_TỚI
Gia Long,Nguyễn Phúc Chẩn,LIÊN_KẾT_TỚI
Gia Long,Nguyễn Phúc Quân,LIÊN_KẾT_TỚI
Gia Long,Nguyễn Phúc Cự,LIÊN_KẾT_TỚI
Gia Long,Nguyễn Phúc Quang,LIÊN_KẾT_TỚI
Gia Long,Nguyễn Phúc Mão,LIÊN_KẾT_TỚI
Gia Long,Nguyễn Phúc Ngọc Châu,LIÊN_KẾT_TỚI
Gia Long,Nguyễn Phúc Ngọc Quỳnh,LIÊN_KẾT_TỚI
Gia Long,Nguyễn Phúc Ngọc Anh,LIÊN_KẾT_TỚI
Gia Long,Nguyễn Phúc Ngọc Trân,LIÊN_KẾT_TỚI
Gia Long,Thừa Thiên,LIÊN_KẾT_TỚI
Gia Long,Nguyễn Phúc Ngọc Xuyến,LIÊN_KẾT_TỚI
Gia Long,Nguyễn Phúc Ngọc Ngoạn,LIÊN_KẾT_TỚI
Gia Long,Mai Đức Nghị,LIÊN_KẾT_TỚI
Gia Long,Nguyễn Phúc Ngọc Nga,LIÊN_KẾT_TỚI
Gia Long,Nguyễn Đức Xuyên,LIÊN_KẾT_TỚI
Gia Long,Nguyễn Phúc Ngọc Cửu,LIÊN_KẾT_TỚI
Gia Long,Nguyễn Phúc Ngọc Nguyệt,LIÊN_KẾT_TỚI
Gia Long,Nguyễn Phúc Ngọc Ngôn,LIÊN_KẾT_TỚI
Gia Long,Lê Văn Phong,LIÊN_KẾT_TỚI
Gia Long,Nguyễn Phúc Ngọc Vân,LIÊN_KẾT_TỚI
Gia Long,Nguyễn Phúc Ngọc Khuê,LIÊN_KẾT_TỚI
Gia Long,Nguyễn Văn Nhơn,LIÊN_KẾT_TỚI
Gia Long,Nguyễn Phúc Ngọc Cơ,LIÊN_KẾT_TỚI
Gia Long,Nguyễn Phúc Ngọc Thành,LIÊN_KẾT_TỚI
Gia Long,Hồ Văn Bôi,LIÊN_KẾT_TỚI
Gia Long,Thổ Châu (đảo),LIÊN_KẾT_TỚI
Gia Long,Hoàng đế,LIÊN_KẾT_TỚI
Gia Long,Trung cổ,LIÊN_KẾT_TỚI
Gia Long,Nhà Thanh,LIÊN_KẾT_TỚI
Gia Long,Đại sứ,LIÊN_KẾT_TỚI
Gia Long,Hoa kiều,LIÊN_KẾT_TỚI
Gia Long,Lưỡng Quảng,LIÊN_KẾT_TỚI
Gia Long,Quảng Tây,LIÊN_KẾT_TỚI
Gia Long,Nguyễn Tri Phương,LIÊN_KẾT_TỚI
Gia Long,Hoàng Diệu,LIÊN_KẾT_TỚI
Gia Long,Tôn Thất Thuyết,LIÊN_KẾT_TỚI
Gia Long,Francis Garnier,LIÊN_KẾT_TỚI
Gia Long,Phạm Văn Sơn,LIÊN_KẾT_TỚI
Gia Long,Nguyễn Đình Chiểu,LIÊN_KẾT_TỚI
Gia Long,Cao Bá Quát,LIÊN_KẾT_TỚI
Gia Long,Hồ Xuân Hương,LIÊN_KẾT_TỚI
Gia Long,Tử Cấm Thành,LIÊN_KẾT_TỚI
Gia Long,Nguyễn Ái Quốc,LIÊN_KẾT_TỚI
Gia Long,Đinh Gia Khánh,LIÊN_KẾT_TỚI
Gia Long,Việt gian,LIÊN_KẾT_TỚI
Gia Long,Tiền Giang,LIÊN_KẾT_TỚI
Gia Long,Minh Mệnh,LIÊN_KẾT_TỚI
Gia Long,Nhà Đinh,LIÊN_KẾT_TỚI
Gia Long,Nhà Tiền Lê,LIÊN_KẾT_TỚI
Gia Long,Mạc Ngọc Liễn,LIÊN_KẾT_TỚI
Gia Long,Mạc Kính Cung,LIÊN_KẾT_TỚI
Gia Long,Lịch sử nước ta (thơ lịch sử),LIÊN_KẾT_TỚI
Gia Long,Hồ Chí Minh,LIÊN_KẾT_TỚI
Gia Long,Hà Nội,LIÊN_KẾT_TỚI
Gia Long,PDF,LIÊN_KẾT_TỚI
Gia Long,VietNamNet,LIÊN_KẾT_TỚI
Gia Long,Nhà xuất bản Giáo dục,LIÊN_KẾT_TỚI
Gia Long,Hoàng Lê nhất thống chí,LIÊN_KẾT_TỚI
Gia Long,Tours,LIÊN_KẾT_TỚI
Bảo Đại,Vua Việt Nam,LIÊN_KẾT_TỚI
Bảo Đại,Việt Nam Dân chủ Cộng hòa,LIÊN_KẾT_TỚI
Bảo Đại,Hoàng thái tử,LIÊN_KẾT_TỚI
Bảo Đại,Nguyễn Phúc Bảo Long,LIÊN_KẾT_TỚI
Bảo Đại,Hoàng đế,LIÊN_KẾT_TỚI
Bảo Đại,Đế quốc Việt Nam,LIÊN_KẾT_TỚI
Bảo Đại,Chính phủ Quốc gia Việt Nam,LIÊN_KẾT_TỚI
Bảo Đại,Nguyễn Văn Xuân (trung tướng),LIÊN_KẾT_TỚI
Bảo Đại,Chính phủ Trung ương lâm thời Việt Nam,LIÊN_KẾT_TỚI
Bảo Đại,Ngô Đình Diệm,LIÊN_KẾT_TỚI
Bảo Đại,Tổng thống Việt Nam Cộng hòa,LIÊN_KẾT_TỚI
Bảo Đại,Nguyễn Phan Long,LIÊN_KẾT_TỚI
Bảo Đại,Nam Phương hoàng hậu,LIÊN_KẾT_TỚI
Bảo Đại,Monique Marie Eugene Baudot,LIÊN_KẾT_TỚI
Bảo Đại,Nguyễn Phúc Phương Mai,LIÊN_KẾT_TỚI
Bảo Đại,Nguyễn Phúc Phương Liên,LIÊN_KẾT_TỚI
Bảo Đại,Nguyễn Phúc Phương Dung,LIÊN_KẾT_TỚI
Bảo Đại,Nguyễn Phúc Bảo Thắng,LIÊN_KẾT_TỚI
Bảo Đại,Nguyễn Phúc Phương Thảo,LIÊN_KẾT_TỚI
Bảo Đại,Nguyễn Phúc Phương Minh,LIÊN_KẾT_TỚI
Bảo Đại,Nguyễn Phúc Bảo Ân,LIÊN_KẾT_TỚI
Bảo Đại,Patrick-Édouard Bloch,LIÊN_KẾT_TỚI
Bảo Đại,Từ Cung Hoàng thái hậu,LIÊN_KẾT_TỚI
Bảo Đại,Huế,LIÊN_KẾT_TỚI
Bảo Đại,Liên bang Đông Dương,LIÊN_KẾT_TỚI
Bảo Đại,Phật giáo,LIÊN_KẾT_TỚI
Bảo Đại,Công giáo,LIÊN_KẾT_TỚI
Bảo Đại,Val-de-Grâce,LIÊN_KẾT_TỚI
Bảo Đại,Paris,LIÊN_KẾT_TỚI
Bảo Đại,Nghĩa trang Passy,LIÊN_KẾT_TỚI
Bảo Đại,Chính phủ Cách mạng lâm thời Việt Nam Dân chủ Cộng hòa,LIÊN_KẾT_TỚI
Bảo Đại,Pháp thuộc,LIÊN_KẾT_TỚI
Bảo Đại,Đế quốc Nhật Bản,LIÊN_KẾT_TỚI
Bảo Đại,Tuyên cáo Việt Nam độc lập,LIÊN_KẾT_TỚI
Bảo Đại,Cách mạng Tháng Tám,LIÊN_KẾT_TỚI
Bảo Đại,Hồng Kông,LIÊN_KẾT_TỚI
Bảo Đại,Chiến tranh Đông Dương,LIÊN_KẾT_TỚI
Bảo Đại,Quốc gia Việt Nam,LIÊN_KẾT_TỚI
Bảo Đại,Liên hiệp Pháp,LIÊN_KẾT_TỚI
Bảo Đại,Quốc trưởng,LIÊN_KẾT_TỚI
Bảo Đại,Việt Nam Cộng hòa,LIÊN_KẾT_TỚI
Bảo Đại,Hoàng Thị Cúc,LIÊN_KẾT_TỚI
Bảo Đại,Thái tử,LIÊN_KẾT_TỚI
Bảo Đại,Marseille,LIÊN_KẾT_TỚI
Bảo Đại,Tháng sáu,LIÊN_KẾT_TỚI
Bảo Đại,Khâm sứ Trung Kỳ,LIÊN_KẾT_TỚI
Bảo Đại,Lycée Condorcet,LIÊN_KẾT_TỚI
Bảo Đại,Nghỉ hè,LIÊN_KẾT_TỚI
Bảo Đại,Vichy (quận),LIÊN_KẾT_TỚI
Bảo Đại,Prades (quận),LIÊN_KẾT_TỚI
Bảo Đại,Bài tập về nhà,LIÊN_KẾT_TỚI
Bảo Đại,Viện Nghiên cứu Chính trị Paris,LIÊN_KẾT_TỚI
Bảo Đại,Thể thao điện tử,LIÊN_KẾT_TỚI
Bảo Đại,Quần,LIÊN_KẾT_TỚI
Bảo Đại,Chính giới,LIÊN_KẾT_TỚI
Bảo Đại,Ngọ Môn (Hoàng thành Huế),LIÊN_KẾT_TỚI
Bảo Đại,Cannes,LIÊN_KẾT_TỚI
Bảo Đại,Deauville,LIÊN_KẾT_TỚI
Bảo Đại,Phủ Toàn quyền Đông Dương,LIÊN_KẾT_TỚI
Bảo Đại,Tử hình,LIÊN_KẾT_TỚI
Bảo Đại,Albert Sarraut,LIÊN_KẾT_TỚI
Bảo Đại,Penang,LIÊN_KẾT_TỚI
Bảo Đại,Giết người,LIÊN_KẾT_TỚI
Bảo Đại,Đảng Cộng sản Pháp,LIÊN_KẾT_TỚI
Bảo Đại,Vũng Tàu,LIÊN_KẾT_TỚI
Bảo Đại,Đà Nẵng,LIÊN_KẾT_TỚI
Bảo Đại,Pháo,LIÊN_KẾT_TỚI
Bảo Đại,Sông Hàn (Đà Nẵng),LIÊN_KẾT_TỚI
Bảo Đại,Nhã nhạc cung đình Huế,LIÊN_KẾT_TỚI
Bảo Đại,Trung Kỳ,LIÊN_KẾT_TỚI
Bảo Đại,Sưu tập tem,LIÊN_KẾT_TỚI
Bảo Đại,Điện Kiến Trung (Hoàng thành Huế),LIÊN_KẾT_TỚI
Bảo Đại,Sơ mi,LIÊN_KẾT_TỚI
Bảo Đại,Đà Lạt,LIÊN_KẾT_TỚI
Bảo Đại,Phạm Quỳnh,LIÊN_KẾT_TỚI
Bảo Đại,Thái Văn Toản,LIÊN_KẾT_TỚI
Bảo Đại,Hồ Đắc Khải,LIÊN_KẾT_TỚI
Bảo Đại,Bùi Bằng Đoàn,LIÊN_KẾT_TỚI
Bảo Đại,Nguyễn Hữu Bài,LIÊN_KẾT_TỚI
Bảo Đại,Tôn Thất Đàn,LIÊN_KẾT_TỚI
Bảo Đại,Phạm Liệu,LIÊN_KẾT_TỚI
Bảo Đại,Vương Tứ Đại,LIÊN_KẾT_TỚI
Bảo Đại,Nhật đảo chính Pháp tại Đông Dương,LIÊN_KẾT_TỚI
Bảo Đại,Nhật Bản,LIÊN_KẾT_TỚI
Bảo Đại,Điện Kiến Trung (hoàng thành Huế),LIÊN_KẾT_TỚI
Bảo Đại,Bắc Kỳ,LIÊN_KẾT_TỚI
Bảo Đại,Nam Kỳ,LIÊN_KẾT_TỚI
Bảo Đại,Khối Thịnh vượng chung Đại Đông Á,LIÊN_KẾT_TỚI
Bảo Đại,Trần Trọng Kim,LIÊN_KẾT_TỚI
Bảo Đại,Harry S. Truman,LIÊN_KẾT_TỚI
Bảo Đại,Winston Churchill,LIÊN_KẾT_TỚI
Bảo Đại,Tưởng Giới Thạch,LIÊN_KẾT_TỚI
Bảo Đại,Charles de Gaulle,LIÊN_KẾT_TỚI
Bảo Đại,Duy Tân,LIÊN_KẾT_TỚI
Bảo Đại,Phạm Khắc Hòe,LIÊN_KẾT_TỚI
Bảo Đại,Việt Minh,LIÊN_KẾT_TỚI
Bảo Đại,Miền Trung (Việt Nam),LIÊN_KẾT_TỚI
Bảo Đại,Hà Nội,LIÊN_KẾT_TỚI
Bảo Đại,Quốc kỳ Việt Nam,LIÊN_KẾT_TỚI
Bảo Đại,Cách mạng tháng Tám,LIÊN_KẾT_TỚI
Bảo Đại,Trần Huy Liệu,LIÊN_KẾT_TỚI
Bảo Đại,Huy Cận,LIÊN_KẾT_TỚI
Bảo Đại,Tuyên ngôn Thoái vị của Bảo Đại,LIÊN_KẾT_TỚI
Bảo Đại,Nam Phương Hoàng hậu,LIÊN_KẾT_TỚI
Bảo Đại,Tôn Quang Phiệt,LIÊN_KẾT_TỚI
Bảo Đại,Lê Văn Hiến,LIÊN_KẾT_TỚI
Bảo Đại,Bầu cử Quốc hội Việt Nam khóa I,LIÊN_KẾT_TỚI
Bảo Đại,Quốc hội Việt Nam,LIÊN_KẾT_TỚI
Bảo Đại,Quốc hội Việt Nam khóa I,LIÊN_KẾT_TỚI
Bảo Đại,Nghiêm Kế Tổ,LIÊN_KẾT_TỚI
Bảo Đại,Trùng Khánh,LIÊN_KẾT_TỚI
Bảo Đại,Tên gọi Trung Quốc,LIÊN_KẾT_TỚI
Bảo Đại,Côn Minh,LIÊN_KẾT_TỚI
Bảo Đại,George Marshall,LIÊN_KẾT_TỚI
Bảo Đại,Hoa Kỳ,LIÊN_KẾT_TỚI
Bảo Đại,Phạm Ngọc Thạch,LIÊN_KẾT_TỚI
Bảo Đại,Đô la Hồng Kông,LIÊN_KẾT_TỚI
Bảo Đại,Nguyễn Đắc Xuân,LIÊN_KẾT_TỚI
Bảo Đại,Chủ tịch Hồ Chí Minh,LIÊN_KẾT_TỚI
Bảo Đại,Georges Thierry d'Argenlieu,LIÊN_KẾT_TỚI
Bảo Đại,Đảng Xã hội Pháp,LIÊN_KẾT_TỚI
Bảo Đại,An Nam,LIÊN_KẾT_TỚI
Bảo Đại,Cao Đài,LIÊN_KẾT_TỚI
Bảo Đại,Phật giáo Hòa Hảo,LIÊN_KẾT_TỚI
Bảo Đại,Việt Nam Cách mệnh Đồng minh Hội,LIÊN_KẾT_TỚI
Bảo Đại,Đại Việt Quốc dân đảng,LIÊN_KẾT_TỚI
Bảo Đại,Việt Nam Quốc dân Đảng,LIÊN_KẾT_TỚI
Bảo Đại,Mặt trận Thống nhất Quốc gia Liên hiệp,LIÊN_KẾT_TỚI
Bảo Đại,Bán đảo Đông Dương,LIÊN_KẾT_TỚI
Bảo Đại,Vịnh Hạ Long,LIÊN_KẾT_TỚI
Bảo Đại,Thanh niên hành khúc,LIÊN_KẾT_TỚI
Bảo Đại,Chính phủ,LIÊN_KẾT_TỚI
Bảo Đại,Toàn quyền Đông Dương,LIÊN_KẾT_TỚI
Bảo Đại,Thụy Sĩ,LIÊN_KẾT_TỚI
Bảo Đại,Trần Văn Hữu,LIÊN_KẾT_TỚI
Bảo Đại,Chính phủ Trung ương Lâm thời Việt Nam,LIÊN_KẾT_TỚI
Bảo Đại,Thông cáo chung Vịnh Hạ Long,LIÊN_KẾT_TỚI
Bảo Đại,Tổng thống Pháp,LIÊN_KẾT_TỚI
Bảo Đại,Vincent Auriol,LIÊN_KẾT_TỚI
Bảo Đại,Nguyên thủ quốc gia,LIÊN_KẾT_TỚI
Bảo Đại,Nhà xuất bản Văn Nghệ Thành phố Hồ Chí Minh,LIÊN_KẾT_TỚI
Bảo Đại,Quân đội Quốc gia Việt Nam,LIÊN_KẾT_TỚI
Bảo Đại,Đông Dương,LIÊN_KẾT_TỚI
Bảo Đại,Sài Gòn,LIÊN_KẾT_TỚI
Bảo Đại,Nguyễn Văn Tâm (Thủ tướng),LIÊN_KẾT_TỚI
Bảo Đại,Nguyễn Phúc Bửu Lộc,LIÊN_KẾT_TỚI
Bảo Đại,Thành phố Hồ Chí Minh,LIÊN_KẾT_TỚI
Bảo Đại,Nguyễn Văn Hinh,LIÊN_KẾT_TỚI
Bảo Đại,Dinh III,LIÊN_KẾT_TỚI
Bảo Đại,Alsace,LIÊN_KẾT_TỚI
Bảo Đại,Chabrignac,LIÊN_KẾT_TỚI
Bảo Đại,Valéry Giscard d'Estaing,LIÊN_KẾT_TỚI
Bảo Đại,Giáo hội Công giáo Rôma,LIÊN_KẾT_TỚI
Bảo Đại,Quảng Trị,LIÊN_KẾT_TỚI
Bảo Đại,Thừa Thiên – Huế,LIÊN_KẾT_TỚI
Bảo Đại,"Sacramento, California",LIÊN_KẾT_TỚI
Bảo Đại,"Westminster, California",LIÊN_KẾT_TỚI
Bảo Đại,California,LIÊN_KẾT_TỚI
Bảo Đại,Texas,LIÊN_KẾT_TỚI
Bảo Đại,Trocadéro,LIÊN_KẾT_TỚI
Bảo Đại,BBC,LIÊN_KẾT_TỚI
Bảo Đại,Người Pháp,LIÊN_KẾT_TỚI
Bảo Đại,Hàm Nghi,LIÊN_KẾT_TỚI
Bảo Đại,Nhà báo,LIÊN_KẾT_TỚI
Bảo Đại,Louis XVI,LIÊN_KẾT_TỚI
Bảo Đại,Jack Warner,LIÊN_KẾT_TỚI
Bảo Đại,Trung Hoa Dân Quốc,LIÊN_KẾT_TỚI
Bảo Đại,Việt gian,LIÊN_KẾT_TỚI
Bảo Đại,An Giang,LIÊN_KẾT_TỚI
Bảo Đại,Gia Long,LIÊN_KẾT_TỚI
Bảo Đại,Đồng Khánh,LIÊN_KẾT_TỚI
Bảo Đại,Hựu Thiên Thuần hoàng hậu,LIÊN_KẾT_TỚI
Bảo Đại,Nguyễn Hoằng Tông,LIÊN_KẾT_TỚI
Bảo Đại,Nguyễn Hữu Hào (điền chủ),LIÊN_KẾT_TỚI
Bảo Đại,Huyện Sỹ,LIÊN_KẾT_TỚI
Bảo Đại,Gò Công,LIÊN_KẾT_TỚI
Bảo Đại,Tiền Giang,LIÊN_KẾT_TỚI
Bảo Đại,Nam Phương,LIÊN_KẾT_TỚI
Bảo Đại,Lorraine,LIÊN_KẾT_TỚI
Bảo Đại,Hôn nhân,LIÊN_KẾT_TỚI
Bảo Đại,Hawaii,LIÊN_KẾT_TỚI
Bảo Đại,Nhật,LIÊN_KẾT_TỚI
Bảo Đại,Bùi Mộng Điệp,LIÊN_KẾT_TỚI
Bảo Đại,Bắc Ninh,LIÊN_KẾT_TỚI
Bảo Đại,Lê Thị Phi Ánh,LIÊN_KẾT_TỚI
Bảo Đại,Lý Lệ Hà,LIÊN_KẾT_TỚI
Bảo Đại,Thái Bình (tỉnh),LIÊN_KẾT_TỚI
Bảo Đại,Trung Quốc,LIÊN_KẾT_TỚI
Bảo Đại,Tú Mỡ,LIÊN_KẾT_TỚI
Bảo Đại,Ngọn nến Hoàng cung,LIÊN_KẾT_TỚI
Bảo Đại,Huỳnh Anh Tuấn,LIÊN_KẾT_TỚI
Tự Đức,Vua Việt Nam,LIÊN_KẾT_TỚI
Tự Đức,Đăng đàn cung,LIÊN_KẾT_TỚI
Tự Đức,Dực Tông,LIÊN_KẾT_TỚI
Tự Đức,Lệ Thiên Anh Hoàng hậu,LIÊN_KẾT_TỚI
Tự Đức,Đồng Khánh,LIÊN_KẾT_TỚI
Tự Đức,Kiến Phúc,LIÊN_KẾT_TỚI
Tự Đức,Từ Dụ,LIÊN_KẾT_TỚI
Tự Đức,Huế,LIÊN_KẾT_TỚI
Tự Đức,Lăng Tự Đức,LIÊN_KẾT_TỚI
Tự Đức,Tây Ban Nha,LIÊN_KẾT_TỚI
Tự Đức,Phan Thanh Giản,LIÊN_KẾT_TỚI
Tự Đức,Phạm Phú Thứ,LIÊN_KẾT_TỚI
Tự Đức,Nguyễn Trường Tộ,LIÊN_KẾT_TỚI
Tự Đức,Kỷ Sửu,LIÊN_KẾT_TỚI
Tự Đức,Nguyễn Phúc Hồng Bảo,LIÊN_KẾT_TỚI
Tự Đức,Nho giáo,LIÊN_KẾT_TỚI
Tự Đức,Đinh Mùi,LIÊN_KẾT_TỚI
Tự Đức,Trần Trọng Kim,LIÊN_KẾT_TỚI
Tự Đức,Việt Nam sử lược,LIÊN_KẾT_TỚI
Tự Đức,Nghệ An,LIÊN_KẾT_TỚI
Tự Đức,Tôn Thất Thuyết,LIÊN_KẾT_TỚI
Tự Đức,Nguyễn Tri Phương,LIÊN_KẾT_TỚI
Tự Đức,Hoàng Diệu,LIÊN_KẾT_TỚI
Tự Đức,Thuế,LIÊN_KẾT_TỚI
Tự Đức,Nam Kỳ,LIÊN_KẾT_TỚI
Tự Đức,Quảng Bình (tỉnh),LIÊN_KẾT_TỚI
Tự Đức,Bắc Kỳ,LIÊN_KẾT_TỚI
Tự Đức,Bộ binh,LIÊN_KẾT_TỚI
Tự Đức,Binh thư yếu lược,LIÊN_KẾT_TỚI
Tự Đức,Trần Hưng Đạo,LIÊN_KẾT_TỚI
Tự Đức,Sơn Tây (tỉnh Việt Nam),LIÊN_KẾT_TỚI
Tự Đức,Hoa Kỳ,LIÊN_KẾT_TỚI
Tự Đức,Anh,LIÊN_KẾT_TỚI
Tự Đức,Đà Nẵng,LIÊN_KẾT_TỚI
Tự Đức,Bình Định (tỉnh),LIÊN_KẾT_TỚI
Tự Đức,Quảng Yên (thị xã),LIÊN_KẾT_TỚI
Tự Đức,Gia Định,LIÊN_KẾT_TỚI
Tự Đức,Thiên Chúa,LIÊN_KẾT_TỚI
Tự Đức,Thượng đế,LIÊN_KẾT_TỚI
Tự Đức,Lão Tử,LIÊN_KẾT_TỚI
Tự Đức,Andalusia,LIÊN_KẾT_TỚI
Tự Đức,José María Díaz Sanjuro An,LIÊN_KẾT_TỚI
Tự Đức,Melchor García Sampedro Xuyên,LIÊN_KẾT_TỚI
Tự Đức,Nhà Thanh,LIÊN_KẾT_TỚI
Tự Đức,Thăng Long,LIÊN_KẾT_TỚI
Tự Đức,Đạo Quang,LIÊN_KẾT_TỚI
Tự Đức,Thái Lan,LIÊN_KẾT_TỚI
Tự Đức,Ang Duong,LIÊN_KẾT_TỚI
Tự Đức,Campuchia,LIÊN_KẾT_TỚI
Tự Đức,Ang Chan II,LIÊN_KẾT_TỚI
Tự Đức,Ang Mey,LIÊN_KẾT_TỚI
Tự Đức,Công giáo tại Việt Nam,LIÊN_KẾT_TỚI
Tự Đức,Ô Môn,LIÊN_KẾT_TỚI
Tự Đức,Bảy Núi,LIÊN_KẾT_TỚI
Tự Đức,Ba Xuyên,LIÊN_KẾT_TỚI
Tự Đức,Kiên Giang,LIÊN_KẾT_TỚI
Tự Đức,Ang Em (hoàng tử),LIÊN_KẾT_TỚI
Tự Đức,"Khánh Bình, An Phú",LIÊN_KẾT_TỚI
Tự Đức,"Khánh An, An Phú",LIÊN_KẾT_TỚI
Tự Đức,Canh Tuất,LIÊN_KẾT_TỚI
Tự Đức,Nam Kỳ Lục tỉnh,LIÊN_KẾT_TỚI
Tự Đức,Phú Yên (tỉnh),LIÊN_KẾT_TỚI
Tự Đức,Khánh Hòa,LIÊN_KẾT_TỚI
Tự Đức,Bình Thuận (tỉnh),LIÊN_KẾT_TỚI
Tự Đức,Nguyễn Đăng Giai,LIÊN_KẾT_TỚI
Tự Đức,Hà Tĩnh,LIÊN_KẾT_TỚI
Tự Đức,Thanh Hóa,LIÊN_KẾT_TỚI
Tự Đức,Trung Quốc,LIÊN_KẾT_TỚI
Tự Đức,Thái Bình Thiên Quốc,LIÊN_KẾT_TỚI
Tự Đức,Hưng Yên,LIÊN_KẾT_TỚI
Tự Đức,Thái Nguyên,LIÊN_KẾT_TỚI
Tự Đức,Cao Bá Quát,LIÊN_KẾT_TỚI
Tự Đức,Gia Lâm (huyện),LIÊN_KẾT_TỚI
Tự Đức,Bắc Ninh,LIÊN_KẾT_TỚI
Tự Đức,Hà Nội,LIÊN_KẾT_TỚI
Tự Đức,Nam Định (tỉnh),LIÊN_KẾT_TỚI
Tự Đức,Cao (họ),LIÊN_KẾT_TỚI
Tự Đức,Cuộc nổi dậy Tạ Văn Phụng,LIÊN_KẾT_TỚI
Tự Đức,Hải Dương (tỉnh),LIÊN_KẾT_TỚI
Tự Đức,Tuyên Quang,LIÊN_KẾT_TỚI
Tự Đức,Kiều Oánh Mậu,LIÊN_KẾT_TỚI
Tự Đức,Trương Đăng Quế,LIÊN_KẾT_TỚI
Tự Đức,Đoàn Hữu Trưng,LIÊN_KẾT_TỚI
Tự Đức,Quảng Yên (tỉnh),LIÊN_KẾT_TỚI
Tự Đức,Lạng Sơn,LIÊN_KẾT_TỚI
Tự Đức,Cao Bằng,LIÊN_KẾT_TỚI
Tự Đức,Ngô Côn,LIÊN_KẾT_TỚI
Tự Đức,Hoàng Sùng Anh,LIÊN_KẾT_TỚI
Tự Đức,Phùng Tử Tài,LIÊN_KẾT_TỚI
Tự Đức,Lưu Vĩnh Phúc,LIÊN_KẾT_TỚI
Tự Đức,Ông Ích Khiêm,LIÊN_KẾT_TỚI
Tự Đức,Nguyễn Văn Tường,LIÊN_KẾT_TỚI
Tự Đức,Quảng Ninh,LIÊN_KẾT_TỚI
Tự Đức,Lào Cai,LIÊN_KẾT_TỚI
Tự Đức,Hà Giang (tỉnh),LIÊN_KẾT_TỚI
Tự Đức,Trần Đình Túc,LIÊN_KẾT_TỚI
Tự Đức,Charles Rigault de Genouilly,LIÊN_KẾT_TỚI
Tự Đức,Giáo hội Công giáo Rôma,LIÊN_KẾT_TỚI
Tự Đức,Napoléon III,LIÊN_KẾT_TỚI
Tự Đức,Trung tướng,LIÊN_KẾT_TỚI
Tự Đức,Ý,LIÊN_KẾT_TỚI
Tự Đức,Cần Giờ (huyện),LIÊN_KẾT_TỚI
Tự Đức,Võ Duy Ninh,LIÊN_KẾT_TỚI
Tự Đức,Biên Hòa,LIÊN_KẾT_TỚI
Tự Đức,Vĩnh Long,LIÊN_KẾT_TỚI
Tự Đức,Lâm Duy Hiệp,LIÊN_KẾT_TỚI
Tự Đức,Nhâm Tuất,LIÊN_KẾT_TỚI
Tự Đức,Paris,LIÊN_KẾT_TỚI
Tự Đức,Định Tường,LIÊN_KẾT_TỚI
Tự Đức,Pierre-Paul de La Grandière,LIÊN_KẾT_TỚI
Tự Đức,An Giang,LIÊN_KẾT_TỚI
Tự Đức,Hà Tiên (tỉnh),LIÊN_KẾT_TỚI
Tự Đức,Quý Dậu,LIÊN_KẾT_TỚI
Tự Đức,Francis Garnier,LIÊN_KẾT_TỚI
Tự Đức,Ninh Bình,LIÊN_KẾT_TỚI
Tự Đức,Giáp Tuất,LIÊN_KẾT_TỚI
Tự Đức,Charles Le Myre de Vilers,LIÊN_KẾT_TỚI
Tự Đức,Henri Rivière,LIÊN_KẾT_TỚI
Tự Đức,Hiệp Hòa,LIÊN_KẾT_TỚI
Tự Đức,Trung Kỳ,LIÊN_KẾT_TỚI
Tự Đức,Quý Mùi,LIÊN_KẾT_TỚI
Tự Đức,Hương Thủy,LIÊN_KẾT_TỚI
Tự Đức,Thừa Thiên – Huế,LIÊN_KẾT_TỚI
Tự Đức,Nam Kỳ lục tỉnh,LIÊN_KẾT_TỚI
Tự Đức,Ngô Tất Tố,LIÊN_KẾT_TỚI
Tự Đức,Lê Văn Khôi,LIÊN_KẾT_TỚI
Tự Đức,Phan Bá Vành,LIÊN_KẾT_TỚI
Tự Đức,Lê Duy Lương,LIÊN_KẾT_TỚI
Tự Đức,Nông Văn Vân,LIÊN_KẾT_TỚI
Tự Đức,Quân Cờ Đen,LIÊN_KẾT_TỚI
Tự Đức,Hồ Chí Minh,LIÊN_KẾT_TỚI
Tự Đức,Phan Bội Châu,LIÊN_KẾT_TỚI
Tự Đức,Khâm định Việt sử Thông giám cương mục,LIÊN_KẾT_TỚI
Tự Đức,Võ Thị Duyên,LIÊN_KẾT_TỚI
Tự Đức,Khiêm Lăng,LIÊN_KẾT_TỚI
Tự Đức,Tứ trụ triều đình (Việt Nam),LIÊN_KẾT_TỚI
Tự Đức,Võ Xuân Cẩn,LIÊN_KẾT_TỚI
Tự Đức,Cung tần,LIÊN_KẾT_TỚI
Tự Đức,Hoàng quý phi,LIÊN_KẾT_TỚI
Tự Đức,Nguyễn Thị Cẩm,LIÊN_KẾT_TỚI
Tự Đức,Thượng thư,LIÊN_KẾT_TỚI
Tự Đức,Lễ bộ,LIÊN_KẾT_TỚI
Tự Đức,Thừa Thiên,LIÊN_KẾT_TỚI
Tự Đức,Nguyễn Văn Thị Hương,LIÊN_KẾT_TỚI
Tự Đức,Nguyễn Văn Tuấn,LIÊN_KẾT_TỚI
Tự Đức,Hoàng thái phi,LIÊN_KẾT_TỚI
Tự Đức,Nguyễn Nhược Thị Bích,LIÊN_KẾT_TỚI
Tự Đức,Ninh Thuận,LIÊN_KẾT_TỚI
Tự Đức,Nữ quan,LIÊN_KẾT_TỚI
Tự Đức,Tài nhân,LIÊN_KẾT_TỚI
Tự Đức,Mỹ nhân,LIÊN_KẾT_TỚI
Tự Đức,Quý nhân,LIÊN_KẾT_TỚI
Tự Đức,Tiệp dư,LIÊN_KẾT_TỚI
Tự Đức,Thành Thái,LIÊN_KẾT_TỚI
Tự Đức,Hạnh Thục ca,LIÊN_KẾT_TỚI
Tự Đức,"Thủy Xuân, Huế",LIÊN_KẾT_TỚI
Tự Đức,Báo Tuổi Trẻ,LIÊN_KẾT_TỚI
Tự Đức,Pháp Luật Thành phố Hồ Chí Minh,LIÊN_KẾT_TỚI
Tự Đức,Ngự chế Việt sử tổng vịnh tập,LIÊN_KẾT_TỚI
Tự Đức,Phượng khấu,LIÊN_KẾT_TỚI
Tự Đức,Nước Đại Nam đối diện với Pháp và Trung Hoa,LIÊN_KẾT_TỚI
Thành Thái,Hoàng đế Việt Nam,LIÊN_KẾT_TỚI
Thành Thái,Đăng đàn cung,LIÊN_KẾT_TỚI
Thành Thái,Dục Đức,LIÊN_KẾT_TỚI
Thành Thái,Phan Thị Điều,LIÊN_KẾT_TỚI
Thành Thái,Huế,LIÊN_KẾT_TỚI
Thành Thái,Sài Gòn,LIÊN_KẾT_TỚI
Thành Thái,Quốc gia Việt Nam,LIÊN_KẾT_TỚI
Thành Thái,Hàm Nghi,LIÊN_KẾT_TỚI
Thành Thái,Pháp thuộc,LIÊN_KẾT_TỚI
Thành Thái,Kỷ Mão,LIÊN_KẾT_TỚI
Thành Thái,Nguyễn Phúc Hồng Y,LIÊN_KẾT_TỚI
Thành Thái,Thiệu Trị,LIÊN_KẾT_TỚI
Thành Thái,Tôn Thất Thuyết,LIÊN_KẾT_TỚI
Thành Thái,Nguyễn Văn Tường,LIÊN_KẾT_TỚI
Thành Thái,Phan Đình Bình,LIÊN_KẾT_TỚI
Thành Thái,Thượng thư,LIÊN_KẾT_TỚI
Thành Thái,Quảng Bình (tỉnh),LIÊN_KẾT_TỚI
Thành Thái,Khải Định,LIÊN_KẾT_TỚI
Thành Thái,Diệp Văn Cương,LIÊN_KẾT_TỚI
Thành Thái,Tử Cấm thành (Huế),LIÊN_KẾT_TỚI
Thành Thái,Ngọ Môn (hoàng thành Huế),LIÊN_KẾT_TỚI
Thành Thái,Tuy Lý vương,LIÊN_KẾT_TỚI
Thành Thái,Trương Quang Đản,LIÊN_KẾT_TỚI
Thành Thái,Hoàng thành Huế,LIÊN_KẾT_TỚI
Thành Thái,Trung Quốc,LIÊN_KẾT_TỚI
Thành Thái,Nhật Bản,LIÊN_KẾT_TỚI
Thành Thái,Nguyễn Thân,LIÊN_KẾT_TỚI
Thành Thái,Hà Nội,LIÊN_KẾT_TỚI
Thành Thái,Paul Doumer,LIÊN_KẾT_TỚI
Thành Thái,Hoàng Cao Khải,LIÊN_KẾT_TỚI
Thành Thái,Thanh Hóa,LIÊN_KẾT_TỚI
Thành Thái,Cường Để,LIÊN_KẾT_TỚI
Thành Thái,Phan Bội Châu,LIÊN_KẾT_TỚI
Thành Thái,Trường Trung học phổ thông chuyên Quốc Học,LIÊN_KẾT_TỚI
Thành Thái,Ngô Đình Khả,LIÊN_KẾT_TỚI
Thành Thái,Trương Như Cương,LIÊN_KẾT_TỚI
Thành Thái,Viện cơ mật,LIÊN_KẾT_TỚI
Thành Thái,Khâm sứ Trung kỳ,LIÊN_KẾT_TỚI
Thành Thái,Bảo Đại,LIÊN_KẾT_TỚI
Thành Thái,Đà Lạt,LIÊN_KẾT_TỚI
Thành Thái,Bạch Dinh,LIÊN_KẾT_TỚI
Thành Thái,Vũng Tàu,LIÊN_KẾT_TỚI
Thành Thái,Réunion,LIÊN_KẾT_TỚI
Thành Thái,Sáo (nhạc cụ),LIÊN_KẾT_TỚI
Thành Thái,Algérie,LIÊN_KẾT_TỚI
Thành Thái,Hương Thủy,LIÊN_KẾT_TỚI
Thành Thái,Thừa Thiên – Huế,LIÊN_KẾT_TỚI
Thành Thái,Thành phố Hồ Chí Minh,LIÊN_KẾT_TỚI
Thành Thái,Thanh niên (báo),LIÊN_KẾT_TỚI
Thành Thái,Nguyễn Gia Thị Anh,LIÊN_KẾT_TỚI
Thành Thái,Hoàng quý phi,LIÊN_KẾT_TỚI
Thành Thái,Nguyễn Thị Định (Tài nhân),LIÊN_KẾT_TỚI
Thành Thái,Bình Định (tỉnh),LIÊN_KẾT_TỚI
Thành Thái,Tài nhân,LIÊN_KẾT_TỚI
Thành Thái,Nguyễn Hữu Thị Nga,LIÊN_KẾT_TỚI
Thành Thái,Nguyễn Hữu Độ (quan Nhà Nguyễn),LIÊN_KẾT_TỚI
Thành Thái,Nguyễn Hữu Thị Nhàn,LIÊN_KẾT_TỚI
Thành Thái,Thừa Thiên,LIÊN_KẾT_TỚI
Thành Thái,Chí Lạc,LIÊN_KẾT_TỚI
Thành Thái,Khánh Hòa,LIÊN_KẾT_TỚI
Thành Thái,Hải Lăng,LIÊN_KẾT_TỚI
Thành Thái,Quảng Trị,LIÊN_KẾT_TỚI
Thành Thái,Nguyễn Phúc Vĩnh San,LIÊN_KẾT_TỚI
Thành Thái,Nguyễn Phúc Vĩnh Chương,LIÊN_KẾT_TỚI
Thành Thái,Nguyễn Phúc Vĩnh Giu,LIÊN_KẾT_TỚI
Thành Thái,Lê Thị Phi Ánh,LIÊN_KẾT_TỚI
Thiệu Trị,Vua Việt Nam,LIÊN_KẾT_TỚI
Thiệu Trị,Đăng đàn cung,LIÊN_KẾT_TỚI
Thiệu Trị,Hiến Tổ,LIÊN_KẾT_TỚI
Thiệu Trị,Từ Dụ,LIÊN_KẾT_TỚI
Thiệu Trị,Hồ Thị Hoa,LIÊN_KẾT_TỚI
Thiệu Trị,Huế,LIÊN_KẾT_TỚI
Thiệu Trị,Lăng Thiệu Trị,LIÊN_KẾT_TỚI
Thiệu Trị,Nho giáo,LIÊN_KẾT_TỚI
Thiệu Trị,Phật giáo,LIÊN_KẾT_TỚI
Thiệu Trị,Chân Lạp,LIÊN_KẾT_TỚI
Thiệu Trị,Trấn Tây Thành,LIÊN_KẾT_TỚI
Thiệu Trị,Xiêm La,LIÊN_KẾT_TỚI
Thiệu Trị,Lê Văn Đức,LIÊN_KẾT_TỚI
Thiệu Trị,Nguyễn Tri Phương,LIÊN_KẾT_TỚI
Thiệu Trị,Doãn Uẩn,LIÊN_KẾT_TỚI
Thiệu Trị,Trấn Ninh,LIÊN_KẾT_TỚI
Thiệu Trị,Nam tiến,LIÊN_KẾT_TỚI
Thiệu Trị,Đế quốc thực dân Pháp,LIÊN_KẾT_TỚI
Thiệu Trị,Đà Nẵng,LIÊN_KẾT_TỚI
Thiệu Trị,Pháp thuộc,LIÊN_KẾT_TỚI
Thiệu Trị,Đế hệ thi,LIÊN_KẾT_TỚI
Thiệu Trị,Đinh Mão,LIÊN_KẾT_TỚI
Thiệu Trị,Nhân Tuyên Hoàng thái hậu,LIÊN_KẾT_TỚI
Thiệu Trị,Tân Sửu,LIÊN_KẾT_TỚI
Thiệu Trị,Hành chính Việt Nam thời Nguyễn,LIÊN_KẾT_TỚI
Thiệu Trị,Trương Đăng Quế,LIÊN_KẾT_TỚI
Thiệu Trị,Võ Văn Giải,LIÊN_KẾT_TỚI
Thiệu Trị,Lâm Duy Hiệp,LIÊN_KẾT_TỚI
Thiệu Trị,Nam Kỳ,LIÊN_KẾT_TỚI
Thiệu Trị,Người Khmer (Việt Nam),LIÊN_KẾT_TỚI
Thiệu Trị,Cuộc nổi dậy Lâm Sâm,LIÊN_KẾT_TỚI
Thiệu Trị,Sóc Trăng (tỉnh),LIÊN_KẾT_TỚI
Thiệu Trị,Kampot,LIÊN_KẾT_TỚI
Thiệu Trị,Sihanoukville (tỉnh),LIÊN_KẾT_TỚI
Thiệu Trị,Phnôm Pênh,LIÊN_KẾT_TỚI
Thiệu Trị,Trương Minh Giảng,LIÊN_KẾT_TỚI
Thiệu Trị,Phạm Văn Điển,LIÊN_KẾT_TỚI
Thiệu Trị,Nguyễn Công Trứ,LIÊN_KẾT_TỚI
Thiệu Trị,An Giang,LIÊN_KẾT_TỚI
Thiệu Trị,Tạ Quang Cự,LIÊN_KẾT_TỚI
Thiệu Trị,Campuchia,LIÊN_KẾT_TỚI
Thiệu Trị,Ang Duong,LIÊN_KẾT_TỚI
Thiệu Trị,Ang Chan II,LIÊN_KẾT_TỚI
Thiệu Trị,Ang Mey,LIÊN_KẾT_TỚI
Thiệu Trị,Thái Lan,LIÊN_KẾT_TỚI
Thiệu Trị,Ất Tỵ,LIÊN_KẾT_TỚI
Thiệu Trị,Dominique Lefèbvre,LIÊN_KẾT_TỚI
Thiệu Trị,Đinh Mùi,LIÊN_KẾT_TỚI
Thiệu Trị,Rigault de Genouilly,LIÊN_KẾT_TỚI
Thiệu Trị,Đại Nam thực lục,LIÊN_KẾT_TỚI
Thiệu Trị,Quốc sử quán (nhà Nguyễn),LIÊN_KẾT_TỚI
Thiệu Trị,Charles Rigault de Genouilly,LIÊN_KẾT_TỚI
Thiệu Trị,Nguyễn Phúc Hồng Bảo,LIÊN_KẾT_TỚI
Thiệu Trị,Phạm Thế Lịch,LIÊN_KẾT_TỚI
Thiệu Trị,Thụy hiệu,LIÊN_KẾT_TỚI
Thiệu Trị,Thế Tổ Miếu (hoàng thành Huế),LIÊN_KẾT_TỚI
Thiệu Trị,Hương Thủy,LIÊN_KẾT_TỚI
Thiệu Trị,Thừa Thiên – Huế,LIÊN_KẾT_TỚI
Thiệu Trị,Xương Lăng,LIÊN_KẾT_TỚI
Thiệu Trị,Phạm Đăng Hưng,LIÊN_KẾT_TỚI
Thiệu Trị,Gia Định,LIÊN_KẾT_TỚI
Thiệu Trị,Nguyễn Thị Nhậm,LIÊN_KẾT_TỚI
Thiệu Trị,Nguyễn Văn Nhơn,LIÊN_KẾT_TỚI
Thiệu Trị,Nguyễn Phúc Nhàn Yên,LIÊN_KẾT_TỚI
Thiệu Trị,Võ Thị Viên,LIÊN_KẾT_TỚI
Thiệu Trị,Thừa Thiên,LIÊN_KẾT_TỚI
Thiệu Trị,Nguyễn Thị Xuyên,LIÊN_KẾT_TỚI
Thiệu Trị,Nguyễn Văn Phụng,LIÊN_KẾT_TỚI
Thiệu Trị,Quảng Bình (tỉnh),LIÊN_KẾT_TỚI
Thiệu Trị,Nguyễn Thị Yên,LIÊN_KẾT_TỚI
Thiệu Trị,Nguyễn Phúc Hồng Y,LIÊN_KẾT_TỚI
Thiệu Trị,Dục Đức,LIÊN_KẾT_TỚI
Thiệu Trị,Duy Tân,LIÊN_KẾT_TỚI
Thiệu Trị,Đinh Thị Hạnh,LIÊN_KẾT_TỚI
Thiệu Trị,Trương Thị Thận,LIÊN_KẾT_TỚI
Thiệu Trị,Hiệp Hòa,LIÊN_KẾT_TỚI
Thiệu Trị,Nguyễn Đức Xuyên,LIÊN_KẾT_TỚI
Thiệu Trị,Trương Thị Vĩnh,LIÊN_KẾT_TỚI
Thiệu Trị,Quảng Trị,LIÊN_KẾT_TỚI
Thiệu Trị,Khải Định,LIÊN_KẾT_TỚI
Thiệu Trị,Nguyễn Phúc Hồng Cai,LIÊN_KẾT_TỚI
Thiệu Trị,Kiến Phúc,LIÊN_KẾT_TỚI
Thiệu Trị,Hàm Nghi,LIÊN_KẾT_TỚI
Thiệu Trị,Đồng Khánh,LIÊN_KẾT_TỚI
Thiệu Trị,Bảo Đại,LIÊN_KẾT_TỚI
Thiệu Trị,Phan Thị Kháng,LIÊN_KẾT_TỚI
Thiệu Trị,Quảng Nam,LIÊN_KẾT_TỚI
Thiệu Trị,Hoàng Thị Dĩnh,LIÊN_KẾT_TỚI
Thiệu Trị,Nguyễn Phúc Lương Huy,LIÊN_KẾT_TỚI
Thiệu Trị,Hương Sơn,LIÊN_KẾT_TỚI
Thiệu Trị,Hà Tĩnh,LIÊN_KẾT_TỚI
Thiệu Trị,"Thủy Biều, Huế",LIÊN_KẾT_TỚI
Thiệu Trị,"Thủy Xuân, Huế",LIÊN_KẾT_TỚI
Thiệu Trị,Duy Xuyên,LIÊN_KẾT_TỚI
Thiệu Trị,Đại Nam liệt truyện,LIÊN_KẾT_TỚI
Thiệu Trị,Nguyễn Phúc Thận Huy,LIÊN_KẾT_TỚI
Thiệu Trị,Nghi Thiên Chương Hoàng hậu,LIÊN_KẾT_TỚI
Thiệu Trị,Nguyễn Phúc Hồng Phó,LIÊN_KẾT_TỚI
Thiệu Trị,Nguyễn Phúc Hồng Tố,LIÊN_KẾT_TỚI
Thiệu Trị,Nguyễn Phúc Hồng Phi,LIÊN_KẾT_TỚI
Thiệu Trị,Nguyễn Phúc Hồng Hưu,LIÊN_KẾT_TỚI
Thiệu Trị,Nguyễn Phúc Gia Phúc,LIÊN_KẾT_TỚI
Thiệu Trị,Nguyễn Phúc Hồng Kháng,LIÊN_KẾT_TỚI
Thiệu Trị,Nguyễn Phúc Hồng Kiện,LIÊN_KẾT_TỚI
Thiệu Trị,Nguyễn Phúc Miên Tằng,LIÊN_KẾT_TỚI
Thiệu Trị,Nguyễn Phúc Hồng Truyền,LIÊN_KẾT_TỚI
Thiệu Trị,Nguyễn Phúc Hồng Bàng,LIÊN_KẾT_TỚI
Thiệu Trị,Nguyễn Phúc Hồng Nghĩ,LIÊN_KẾT_TỚI
Thiệu Trị,Nguyễn Phúc Hồng Tiệp,LIÊN_KẾT_TỚI
Thiệu Trị,Nguyễn Phúc Hồng Đĩnh,LIÊN_KẾT_TỚI
Thiệu Trị,Nguyễn Phúc Hồng Diêu,LIÊN_KẾT_TỚI
Thiệu Trị,Nguyễn Phúc Tĩnh Hảo,LIÊN_KẾT_TỚI
Thiệu Trị,Nguyễn Phúc Huy Nhu,LIÊN_KẾT_TỚI
Thiệu Trị,Nguyễn Phúc Nhã Viện,LIÊN_KẾT_TỚI
Thiệu Trị,Nguyễn Phúc Thanh Đề,LIÊN_KẾT_TỚI
Thiệu Trị,Nguyễn Phúc Lệ Nhàn,LIÊN_KẾT_TỚI
Thiệu Trị,Nguyễn Phúc Đoan Cẩn,LIÊN_KẾT_TỚI
Thiệu Trị,Nguyễn Phúc Đôn Trinh,LIÊN_KẾT_TỚI
Thiệu Trị,Nguyễn Phúc Thanh Cật,LIÊN_KẾT_TỚI
Thiệu Trị,Nguyễn Phúc Ý Phương,LIÊN_KẾT_TỚI
Thiệu Trị,Nguyễn Phúc Trinh Huy,LIÊN_KẾT_TỚI
Thiệu Trị,Nguyễn Phúc Đoan Lương,LIÊN_KẾT_TỚI
Thiệu Trị,Nguyễn Phúc Nhàn Đức,LIÊN_KẾT_TỚI
Thiệu Trị,Nguyễn Phúc Phúc Huy,LIÊN_KẾT_TỚI
Thiệu Trị,Nguyễn Lâm,LIÊN_KẾT_TỚI
Thiệu Trị,Trần Trọng Kim,LIÊN_KẾT_TỚI
Thiệu Trị,Việt Nam sử lược,LIÊN_KẾT_TỚI
Thiệu Trị,Quốc sử quán triều Nguyễn,LIÊN_KẾT_TỚI
Thiệu Trị,Viện Sử học,LIÊN_KẾT_TỚI
Thiệu Trị,Nhà xuất bản Giáo dục Việt Nam,LIÊN_KẾT_TỚI
Dục Đức,Hoàng đế Việt Nam,LIÊN_KẾT_TỚI
Dục Đức,Đăng đàn cung,LIÊN_KẾT_TỚI
Dục Đức,Cung Tông,LIÊN_KẾT_TỚI
Dục Đức,Phan Thị Điều,LIÊN_KẾT_TỚI
Dục Đức,Nguyễn Phúc Hồng Y,LIÊN_KẾT_TỚI
Dục Đức,Huế,LIÊN_KẾT_TỚI
Dục Đức,Lăng Dục Đức,LIÊN_KẾT_TỚI
Dục Đức,Trần Trọng Kim,LIÊN_KẾT_TỚI
Dục Đức,Đại Nam thực lục,LIÊN_KẾT_TỚI
Dục Đức,Quý Sửu,LIÊN_KẾT_TỚI
Dục Đức,Đồng Khánh,LIÊN_KẾT_TỚI
Dục Đức,Kiến Phúc,LIÊN_KẾT_TỚI
Dục Đức,Vũ Thị Duyên,LIÊN_KẾT_TỚI
Dục Đức,Đế hệ thi,LIÊN_KẾT_TỚI
Dục Đức,Trần Tiễn Thành,LIÊN_KẾT_TỚI
Dục Đức,Nguyễn Văn Tường,LIÊN_KẾT_TỚI
Dục Đức,Tôn Thất Thuyết,LIÊN_KẾT_TỚI
Dục Đức,Y Doãn,LIÊN_KẾT_TỚI
Dục Đức,Hoắc Quang,LIÊN_KẾT_TỚI
Dục Đức,Thái Giáp,LIÊN_KẾT_TỚI
Dục Đức,Lưu Hạ,LIÊN_KẾT_TỚI
Dục Đức,Hán Tuyên Đế,LIÊN_KẾT_TỚI
Dục Đức,Nguyễn Như Khuê,LIÊN_KẾT_TỚI
Dục Đức,Nguyễn Trọng Hợp,LIÊN_KẾT_TỚI
Dục Đức,Phan Đình Phùng,LIÊN_KẾT_TỚI
Dục Đức,Từ Dụ,LIÊN_KẾT_TỚI
Dục Đức,Kinh thành Huế,LIÊN_KẾT_TỚI
Dục Đức,Nguyễn Nhạc,LIÊN_KẾT_TỚI
Dục Đức,Nguyễn Huệ,LIÊN_KẾT_TỚI
Dục Đức,Nguyễn Quang Toản,LIÊN_KẾT_TỚI
Dục Đức,Tây Lộc,LIÊN_KẾT_TỚI
Dục Đức,Nguyễn Đắc Xuân,LIÊN_KẾT_TỚI
Dục Đức,Phạm Văn Sơn,LIÊN_KẾT_TỚI
Dục Đức,Hàm Nghi,LIÊN_KẾT_TỚI
Dục Đức,Hương Thủy,LIÊN_KẾT_TỚI
Dục Đức,An Lăng,LIÊN_KẾT_TỚI
Dục Đức,An Cựu,LIÊN_KẾT_TỚI
Dục Đức,Thủy Bằng,LIÊN_KẾT_TỚI
Dục Đức,Thừa Thiên – Huế,LIÊN_KẾT_TỚI
Dục Đức,Nguyễn Phúc Bửu Tán,LIÊN_KẾT_TỚI
Dục Đức,Phan Đình Bình,LIÊN_KẾT_TỚI
Dục Đức,Quảng Điền,LIÊN_KẾT_TỚI
Dục Đức,Thừa Thiên,LIÊN_KẾT_TỚI
Dục Đức,Nguyễn Phúc Bửu Lân,LIÊN_KẾT_TỚI
Dục Đức,Từ Minh Huệ Hoàng hậu,LIÊN_KẾT_TỚI
Dục Đức,Bảo Chấn,LIÊN_KẾT_TỚI
Dục Đức,Bảo Phúc,LIÊN_KẾT_TỚI
Dục Đức,Nguyễn Phúc Bửu Kiêm,LIÊN_KẾT_TỚI
Dục Đức,Nguyễn Phúc Bửu Lũy,LIÊN_KẾT_TỚI
Dục Đức,Nguyễn Phúc Tốn Tùy,LIÊN_KẾT_TỚI
Dục Đức,Nguyễn Thân,LIÊN_KẾT_TỚI
Dục Đức,Nguyễn Phúc Nhàn Gia,LIÊN_KẾT_TỚI
Dục Đức,Nguyễn Phúc Huy Nhu,LIÊN_KẾT_TỚI
Dục Đức,Nguyễn Phúc Châu Hoàn,LIÊN_KẾT_TỚI
Dục Đức,Nguyễn Hữu Độ,LIÊN_KẾT_TỚI
Dục Đức,Nguyễn Phúc Vĩnh Cẩn,LIÊN_KẾT_TỚI
Dục Đức,Bảo Đại,LIÊN_KẾT_TỚI
Dục Đức,Cao Xuân Dục,LIÊN_KẾT_TỚI
Dục Đức,Việt Nam sử lược,LIÊN_KẾT_TỚI
Dục Đức,Phan Thuận An,LIÊN_KẾT_TỚI
Dục Đức,Đinh Xuân Lâm,LIÊN_KẾT_TỚI
Kiến Phúc,Vua Việt Nam,LIÊN_KẾT_TỚI
Kiến Phúc,Đăng đàn cung,LIÊN_KẾT_TỚI
Kiến Phúc,Nguyễn Phúc Hồng Cai,LIÊN_KẾT_TỚI
Kiến Phúc,Giản Tông,LIÊN_KẾT_TỚI
Kiến Phúc,Huế,LIÊN_KẾT_TỚI
Kiến Phúc,Lăng Kiến Phúc,LIÊN_KẾT_TỚI
Kiến Phúc,Hòa ước Patenôtre,LIÊN_KẾT_TỚI
Kiến Phúc,Nguyễn Văn Thị Hương,LIÊN_KẾT_TỚI
Kiến Phúc,Nguyễn Văn Tường,LIÊN_KẾT_TỚI
Kiến Phúc,Kỷ Tỵ,LIÊN_KẾT_TỚI
Kiến Phúc,Trần Trọng Kim,LIÊN_KẾT_TỚI
Kiến Phúc,Đồng Khánh,LIÊN_KẾT_TỚI
Kiến Phúc,Đại Nam thực lục,LIÊN_KẾT_TỚI
Kiến Phúc,Tôn Thất Thuyết,LIÊN_KẾT_TỚI
Kiến Phúc,Việt Nam sử lược,LIÊN_KẾT_TỚI
Kiến Phúc,Quý Mùi,LIÊN_KẾT_TỚI
Kiến Phúc,Bắc Kỳ,LIÊN_KẾT_TỚI
Kiến Phúc,Hoàng Kế Viêm,LIÊN_KẾT_TỚI
Kiến Phúc,Trương Quang Đản,LIÊN_KẾT_TỚI
Kiến Phúc,Đế quốc thực dân Pháp,LIÊN_KẾT_TỚI
Kiến Phúc,Sơn Tây (tỉnh Việt Nam),LIÊN_KẾT_TỚI
Kiến Phúc,Bắc Ninh,LIÊN_KẾT_TỚI
Kiến Phúc,Hưng Hóa (định hướng),LIÊN_KẾT_TỚI
Kiến Phúc,Tuyên Quang,LIÊN_KẾT_TỚI
Kiến Phúc,Giáp Thân,LIÊN_KẾT_TỚI
Kiến Phúc,Jules Patenôtre,LIÊN_KẾT_TỚI
Kiến Phúc,Trung Kỳ,LIÊN_KẾT_TỚI
Kiến Phúc,Miếu hiệu,LIÊN_KẾT_TỚI
Kiến Phúc,Nguyễn Phúc Miên Định,LIÊN_KẾT_TỚI
Kiến Phúc,Nguyễn Phúc Hồng Hưu,LIÊN_KẾT_TỚI
Kiến Phúc,Phạm Thận Duật,LIÊN_KẾT_TỚI
Kiến Phúc,Hạnh Thục ca,LIÊN_KẾT_TỚI
Kiến Phúc,Phạm Văn Sơn,LIÊN_KẾT_TỚI
Kiến Phúc,Việt sử tân biên,LIÊN_KẾT_TỚI
Kiến Phúc,Trần Văn Giàu,LIÊN_KẾT_TỚI
Kiến Phúc,Thanh thực lục,LIÊN_KẾT_TỚI
Kiến Phúc,Quốc sử quán (triều Nguyễn),LIÊN_KẾT_TỚI
Kiến Phúc,Nguyễn Q. Thắng,LIÊN_KẾT_TỚI
Đồng Khánh,Vua Việt Nam,LIÊN_KẾT_TỚI
Đồng Khánh,Cảnh Tông,LIÊN_KẾT_TỚI
Đồng Khánh,Phật giáo,LIÊN_KẾT_TỚI
Đồng Khánh,Nho giáo,LIÊN_KẾT_TỚI
Đồng Khánh,Đăng đàn cung,LIÊN_KẾT_TỚI
Đồng Khánh,Nguyễn Hữu Thị Nhàn,LIÊN_KẾT_TỚI
Đồng Khánh,Dương Thị Thục,LIÊN_KẾT_TỚI
Đồng Khánh,Nguyễn Phúc Hồng Cai,LIÊN_KẾT_TỚI
Đồng Khánh,Huế,LIÊN_KẾT_TỚI
Đồng Khánh,Liên bang Đông Dương,LIÊN_KẾT_TỚI
Đồng Khánh,Lăng Đồng Khánh,LIÊN_KẾT_TỚI
Đồng Khánh,Tôn Thất Thuyết,LIÊN_KẾT_TỚI
Đồng Khánh,Quảng Trị,LIÊN_KẾT_TỚI
Đồng Khánh,Bắc Kỳ,LIÊN_KẾT_TỚI
Đồng Khánh,Trung Kỳ,LIÊN_KẾT_TỚI
Đồng Khánh,Bắc đẩu Bội tinh,LIÊN_KẾT_TỚI
Đồng Khánh,Đại Nam thực lục,LIÊN_KẾT_TỚI
Đồng Khánh,Giáp Tý,LIÊN_KẾT_TỚI
Đồng Khánh,Tên húy,LIÊN_KẾT_TỚI
Đồng Khánh,Nguyễn Thị Cẩm,LIÊN_KẾT_TỚI
Đồng Khánh,Nguyễn Văn Tường,LIÊN_KẾT_TỚI
Đồng Khánh,Hiệp Hòa,LIÊN_KẾT_TỚI
Đồng Khánh,Trần Trọng Kim,LIÊN_KẾT_TỚI
Đồng Khánh,Từ Dụ,LIÊN_KẾT_TỚI
Đồng Khánh,Khâm sứ Trung Kỳ,LIÊN_KẾT_TỚI
Đồng Khánh,Phạm Thị Hằng,LIÊN_KẾT_TỚI
Đồng Khánh,Vũ Thị Duyên,LIÊN_KẾT_TỚI
Đồng Khánh,Cam Chính,LIÊN_KẾT_TỚI
Đồng Khánh,Cam Lộ,LIÊN_KẾT_TỚI
Đồng Khánh,Nguyễn Phúc Miên Định,LIÊN_KẾT_TỚI
Đồng Khánh,Nguyễn Hữu Độ,LIÊN_KẾT_TỚI
Đồng Khánh,Phạm Thận Duật,LIÊN_KẾT_TỚI
Đồng Khánh,Tahiti,LIÊN_KẾT_TỚI
Đồng Khánh,Khâm sứ Trung kỳ,LIÊN_KẾT_TỚI
Đồng Khánh,Hoàng đế,LIÊN_KẾT_TỚI
Đồng Khánh,Phu Văn Lâu,LIÊN_KẾT_TỚI
Đồng Khánh,Philippe-Marie-Henri Roussel de Courcy,LIÊN_KẾT_TỚI
Đồng Khánh,Ất Dậu,LIÊN_KẾT_TỚI
Đồng Khánh,Tết Nguyên Đán,LIÊN_KẾT_TỚI
Đồng Khánh,Phan Đình Bình,LIÊN_KẾT_TỚI
Đồng Khánh,Nguyễn Văn Thị Hương,LIÊN_KẾT_TỚI
Đồng Khánh,Nguyễn Phúc Miên Trinh,LIÊN_KẾT_TỚI
Đồng Khánh,Nguyễn Phúc Miên Triện,LIÊN_KẾT_TỚI
Đồng Khánh,Nguyễn Phúc Hồng Đĩnh,LIÊN_KẾT_TỚI
Đồng Khánh,Quảng Bình (tỉnh),LIÊN_KẾT_TỚI
Đồng Khánh,Nguyễn Thuật,LIÊN_KẾT_TỚI
Đồng Khánh,Thanh Hóa,LIÊN_KẾT_TỚI
Đồng Khánh,Nguyễn Trọng Hợp,LIÊN_KẾT_TỚI
Đồng Khánh,Quảng Nam,LIÊN_KẾT_TỚI
Đồng Khánh,Bình Định (tỉnh),LIÊN_KẾT_TỚI
Đồng Khánh,Hà Tĩnh,LIÊN_KẾT_TỚI
Đồng Khánh,Khánh Hòa,LIÊN_KẾT_TỚI
Đồng Khánh,Đà Nẵng,LIÊN_KẾT_TỚI
Đồng Khánh,Bắc Ninh,LIÊN_KẾT_TỚI
Đồng Khánh,Thanh Hà,LIÊN_KẾT_TỚI
Đồng Khánh,Hải Dương (tỉnh),LIÊN_KẾT_TỚI
Đồng Khánh,Nghệ An,LIÊN_KẾT_TỚI
Đồng Khánh,Phú Yên (tỉnh),LIÊN_KẾT_TỚI
Đồng Khánh,Khâm định Việt sử thông giám cương mục,LIÊN_KẾT_TỚI
Đồng Khánh,Hà Nội (tỉnh),LIÊN_KẾT_TỚI
Đồng Khánh,Nam Định (tỉnh),LIÊN_KẾT_TỚI
Đồng Khánh,Cử nhân,LIÊN_KẾT_TỚI
Đồng Khánh,Tú tài,LIÊN_KẾT_TỚI
Đồng Khánh,Thừa Thiên – Huế,LIÊN_KẾT_TỚI
Đồng Khánh,Ninh Bình,LIÊN_KẾT_TỚI
Đồng Khánh,Hà Nam (tỉnh Việt Nam),LIÊN_KẾT_TỚI
Đồng Khánh,Khải Định,LIÊN_KẾT_TỚI
Đồng Khánh,Minh Mạng,LIÊN_KẾT_TỚI
Đồng Khánh,Đồng Hới,LIÊN_KẾT_TỚI
Đồng Khánh,Hoàng Tá Viêm,LIÊN_KẾT_TỚI
Đồng Khánh,Trần Xuân Soạn,LIÊN_KẾT_TỚI
Đồng Khánh,Nguyễn Phạm Tuân,LIÊN_KẾT_TỚI
Đồng Khánh,Phan Đình Phùng,LIÊN_KẾT_TỚI
Đồng Khánh,Trương Quang Ngọc,LIÊN_KẾT_TỚI
Đồng Khánh,Algérie,LIÊN_KẾT_TỚI
Đồng Khánh,Bắc Phi,LIÊN_KẾT_TỚI
Đồng Khánh,Étienne Richaud,LIÊN_KẾT_TỚI
Đồng Khánh,Phong trào Cần vương,LIÊN_KẾT_TỚI
Đồng Khánh,Đông Dương,LIÊN_KẾT_TỚI
Đồng Khánh,Bắc Đẩu bội tinh,LIÊN_KẾT_TỚI
Đồng Khánh,Bắc đẩu bội tinh,LIÊN_KẾT_TỚI
Đồng Khánh,Paul Bert,LIÊN_KẾT_TỚI
Đồng Khánh,Bắc Kì,LIÊN_KẾT_TỚI
Đồng Khánh,Diệp Văn Cương,LIÊN_KẾT_TỚI
Đồng Khánh,Hải Vân,LIÊN_KẾT_TỚI
Đồng Khánh,Nguyễn Phúc Miên Lâm,LIÊN_KẾT_TỚI
Đồng Khánh,Ernest Constans,LIÊN_KẾT_TỚI
Đồng Khánh,Marie François Sadi Carnot,LIÊN_KẾT_TỚI
Đồng Khánh,Nam Kỳ,LIÊN_KẾT_TỚI
Đồng Khánh,Campuchia,LIÊN_KẾT_TỚI
Đồng Khánh,Lào,LIÊN_KẾT_TỚI
Đồng Khánh,Quảng Châu Loan,LIÊN_KẾT_TỚI
Đồng Khánh,Hà Nội,LIÊN_KẾT_TỚI
Đồng Khánh,Hải Phòng,LIÊN_KẾT_TỚI
Đồng Khánh,Trương Vĩnh Ký,LIÊN_KẾT_TỚI
Đồng Khánh,Khổng Tử,LIÊN_KẾT_TỚI
Đồng Khánh,Pháp thuộc,LIÊN_KẾT_TỚI
Đồng Khánh,Toàn quyền Đông Dương,LIÊN_KẾT_TỚI
Đồng Khánh,An Nam,LIÊN_KẾT_TỚI
Đồng Khánh,Mậu Tý,LIÊN_KẾT_TỚI
Đồng Khánh,Phan Thị Điều,LIÊN_KẾT_TỚI
Đồng Khánh,Chu Tuyên vương,LIÊN_KẾT_TỚI
Đồng Khánh,Hương Thủy,LIÊN_KẾT_TỚI
Đồng Khánh,Thừa Thiên,LIÊN_KẾT_TỚI
Đồng Khánh,Thủy Xuân,LIÊN_KẾT_TỚI
Đồng Khánh,Paris,LIÊN_KẾT_TỚI
Đồng Khánh,Phố Hàng Bài,LIÊN_KẾT_TỚI
Đồng Khánh,Sài Gòn,LIÊN_KẾT_TỚI
Đồng Khánh,"Đường Trần Hưng Đạo, Thành phố Hồ Chí Minh",LIÊN_KẾT_TỚI
Đồng Khánh,Cơ mật viện,LIÊN_KẾT_TỚI
Đồng Khánh,Hoàng quý phi,LIÊN_KẾT_TỚI
Đồng Khánh,Hoàng thái phi,LIÊN_KẾT_TỚI
Đồng Khánh,Nguyễn Quý phi (Đồng Khánh),LIÊN_KẾT_TỚI
Đồng Khánh,Nguyễn Phúc Dĩ Ngu,LIÊN_KẾT_TỚI
Đồng Khánh,Trần Đăng Thị Đồng,LIÊN_KẾT_TỚI
Đồng Khánh,Nguyễn Phúc Bửu Tủng,LIÊN_KẾT_TỚI
Đồng Khánh,Nguyễn Phúc Dĩ Hy,LIÊN_KẾT_TỚI
Đồng Khánh,Cung nhân,LIÊN_KẾT_TỚI
Đồng Khánh,Tài nhân,LIÊN_KẾT_TỚI
Đồng Khánh,Báo Thanh Niên,LIÊN_KẾT_TỚI
Đồng Khánh,Nguyễn Phúc Bửu Đảo,LIÊN_KẾT_TỚI
Đồng Khánh,Hựu Thiên Thuần Hoàng hậu,LIÊN_KẾT_TỚI
Đồng Khánh,Phụ Thiên Thuần Hoàng hậu,LIÊN_KẾT_TỚI
Đồng Khánh,Nguyễn Hữu Độ (quan Nhà Nguyễn),LIÊN_KẾT_TỚI
Đồng Khánh,Đại học sĩ,LIÊN_KẾT_TỚI
Đồng Khánh,Trần Lệ Xuân,LIÊN_KẾT_TỚI
Đồng Khánh,Việt Nam Cộng hòa,LIÊN_KẾT_TỚI
Đồng Khánh,Quốc sử quán triều Nguyễn,LIÊN_KẾT_TỚI
Đồng Khánh,Cao Xuân Dục,LIÊN_KẾT_TỚI
Đồng Khánh,Việt Nam sử lược,LIÊN_KẾT_TỚI
Hàm Nghi,Hoàng đế Việt Nam,LIÊN_KẾT_TỚI
Hàm Nghi,Đăng đàn cung,LIÊN_KẾT_TỚI
Hàm Nghi,Marcelle Laloe,LIÊN_KẾT_TỚI
Hàm Nghi,Nguyễn Phúc Như Mai,LIÊN_KẾT_TỚI
Hàm Nghi,Nguyễn Phúc Như Lý,LIÊN_KẾT_TỚI
Hàm Nghi,Nguyễn Phúc Minh Đức,LIÊN_KẾT_TỚI
Hàm Nghi,Nguyễn Phúc Hồng Cai,LIÊN_KẾT_TỚI
Hàm Nghi,Huế,LIÊN_KẾT_TỚI
Hàm Nghi,Algiers,LIÊN_KẾT_TỚI
Hàm Nghi,Algérie thuộc Pháp,LIÊN_KẾT_TỚI
Hàm Nghi,Pháp quốc Tự do,LIÊN_KẾT_TỚI
Hàm Nghi,Vigeois,LIÊN_KẾT_TỚI
Hàm Nghi,Dordogne,LIÊN_KẾT_TỚI
Hàm Nghi,Nguyễn Văn Tường,LIÊN_KẾT_TỚI
Hàm Nghi,Tôn Thất Thuyết,LIÊN_KẾT_TỚI
Hàm Nghi,Phong trào Cần Vương,LIÊN_KẾT_TỚI
Hàm Nghi,Algérie,LIÊN_KẾT_TỚI
Hàm Nghi,Duy Tân,LIÊN_KẾT_TỚI
Hàm Nghi,Pháp thuộc,LIÊN_KẾT_TỚI
Hàm Nghi,Tân Mùi,LIÊN_KẾT_TỚI
Hàm Nghi,Tự Đức,LIÊN_KẾT_TỚI
Hàm Nghi,Hiệp Hòa,LIÊN_KẾT_TỚI
Hàm Nghi,Giáp Thân,LIÊN_KẾT_TỚI
Hàm Nghi,Khâm sứ Trung kỳ,LIÊN_KẾT_TỚI
Hàm Nghi,Điện Thái Hòa (Hoàng thành Huế),LIÊN_KẾT_TỚI
Hàm Nghi,An Nam,LIÊN_KẾT_TỚI
Hàm Nghi,Philippe-Marie-Henri Roussel de Courcy,LIÊN_KẾT_TỚI
Hàm Nghi,Kinh thành Huế,LIÊN_KẾT_TỚI
Hàm Nghi,Quảng Trị,LIÊN_KẾT_TỚI
Hàm Nghi,Côn Đảo,LIÊN_KẾT_TỚI
Hàm Nghi,Tahiti,LIÊN_KẾT_TỚI
Hàm Nghi,Thái Bình Dương,LIÊN_KẾT_TỚI
Hàm Nghi,Tuyên Hóa,LIÊN_KẾT_TỚI
Hàm Nghi,Quảng Bình (tỉnh),LIÊN_KẾT_TỚI
Hàm Nghi,Lào,LIÊN_KẾT_TỚI
Hàm Nghi,Hà Tĩnh,LIÊN_KẾT_TỚI
Hàm Nghi,Nhà Thanh,LIÊN_KẾT_TỚI
Hàm Nghi,Hoàng thái hậu,LIÊN_KẾT_TỚI
Hàm Nghi,Paul Bert,LIÊN_KẾT_TỚI
Hàm Nghi,Tôn Thất Đàm,LIÊN_KẾT_TỚI
Hàm Nghi,Tôn Thất Tiệp,LIÊN_KẾT_TỚI
Hàm Nghi,Tháng chín,LIÊN_KẾT_TỚI
Hàm Nghi,Minh Hóa,LIÊN_KẾT_TỚI
Hàm Nghi,Bố Trạch,LIÊN_KẾT_TỚI
Hàm Nghi,Đồng Hới,LIÊN_KẾT_TỚI
Hàm Nghi,Bắc Phi,LIÊN_KẾT_TỚI
Hàm Nghi,Lăng Cô,LIÊN_KẾT_TỚI
Hàm Nghi,Thành phố Hồ Chí Minh,LIÊN_KẾT_TỚI
Hàm Nghi,Paris,LIÊN_KẾT_TỚI
Hàm Nghi,Paul Gauguin,LIÊN_KẾT_TỚI
Hàm Nghi,Thonac,LIÊN_KẾT_TỚI
Hàm Nghi,Nouvelle-Aquitaine,LIÊN_KẾT_TỚI
Hàm Nghi,Niên hiệu,LIÊN_KẾT_TỚI
Hàm Nghi,"Đường Hàm Nghi, Thành phố Hồ Chí Minh",LIÊN_KẾT_TỚI
Hàm Nghi,Nam Từ Liêm,LIÊN_KẾT_TỚI
Hàm Nghi,Hải Phòng,LIÊN_KẾT_TỚI
Hàm Nghi,Đà Nẵng,LIÊN_KẾT_TỚI
Hàm Nghi,Móng Cái,LIÊN_KẾT_TỚI
Hàm Nghi,Thanh Hóa,LIÊN_KẾT_TỚI
Duy Tân,Hoàng đế Việt Nam,LIÊN_KẾT_TỚI
Duy Tân,Đăng đàn cung,LIÊN_KẾT_TỚI
Duy Tân,Mai Thị Vàng,LIÊN_KẾT_TỚI
Duy Tân,Georges Vĩnh San,LIÊN_KẾT_TỚI
Duy Tân,Claude Vĩnh San,LIÊN_KẾT_TỚI
Duy Tân,Joseph Roger Vĩnh San,LIÊN_KẾT_TỚI
Duy Tân,Huế,LIÊN_KẾT_TỚI
Duy Tân,Liên bang Đông Dương,LIÊN_KẾT_TỚI
Duy Tân,Châu Phi Xích Đạo thuộc Pháp,LIÊN_KẾT_TỚI
Duy Tân,Cộng hòa Trung Phi,LIÊN_KẾT_TỚI
Duy Tân,Thực dân Pháp,LIÊN_KẾT_TỚI
Duy Tân,Chiến tranh thế giới thứ nhất,LIÊN_KẾT_TỚI
Duy Tân,Việt Nam Quang phục Hội,LIÊN_KẾT_TỚI
Duy Tân,Thái Phiên,LIÊN_KẾT_TỚI
Duy Tân,Trần Cao Vân,LIÊN_KẾT_TỚI
Duy Tân,Ấn Độ Dương,LIÊN_KẾT_TỚI
Duy Tân,Chiến tranh thế giới thứ hai,LIÊN_KẾT_TỚI
Duy Tân,Khối Đồng Minh thời Chiến tranh thế giới thứ hai,LIÊN_KẾT_TỚI
Duy Tân,Lăng Dục Đức,LIÊN_KẾT_TỚI
Duy Tân,Canh Tý,LIÊN_KẾT_TỚI
Duy Tân,Nguyễn Thị Định (Thành Thái),LIÊN_KẾT_TỚI
Duy Tân,Khâm sứ Trung kỳ,LIÊN_KẾT_TỚI
Duy Tân,Người Pháp,LIÊN_KẾT_TỚI
Duy Tân,Tôn Thất Hân,LIÊN_KẾT_TỚI
Duy Tân,Nguyễn Hữu Bài,LIÊN_KẾT_TỚI
Duy Tân,Huỳnh Côn,LIÊN_KẾT_TỚI
Duy Tân,Lê Trinh,LIÊN_KẾT_TỚI
Duy Tân,Cao Xuân Dục,LIÊN_KẾT_TỚI
Duy Tân,Nguyễn Phúc Chu,LIÊN_KẾT_TỚI
Duy Tân,Tự Đức,LIÊN_KẾT_TỚI
Duy Tân,Hoàng thành Huế,LIÊN_KẾT_TỚI
Duy Tân,Albert Sarraut,LIÊN_KẾT_TỚI
Duy Tân,Hà Nội,LIÊN_KẾT_TỚI
Duy Tân,Phan Bội Châu,LIÊN_KẾT_TỚI
Duy Tân,Tháng tư,LIÊN_KẾT_TỚI
Duy Tân,Cửa Tùng (bãi biển),LIÊN_KẾT_TỚI
Duy Tân,Quảng Ngãi,LIÊN_KẾT_TỚI
Duy Tân,Quảng Nam,LIÊN_KẾT_TỚI
Duy Tân,An Hòa,LIÊN_KẾT_TỚI
Duy Tân,Vũng Tàu,LIÊN_KẾT_TỚI
Duy Tân,Quân đội Pháp,LIÊN_KẾT_TỚI
Duy Tân,Charles de Gaulle,LIÊN_KẾT_TỚI
Duy Tân,Đức Quốc xã,LIÊN_KẾT_TỚI
Duy Tân,Đức,LIÊN_KẾT_TỚI
Duy Tân,Anh,LIÊN_KẾT_TỚI
Duy Tân,Chính phủ Vichy,LIÊN_KẾT_TỚI
Duy Tân,Đại tá,LIÊN_KẾT_TỚI
Duy Tân,Paris,LIÊN_KẾT_TỚI
Duy Tân,Thiếu úy,LIÊN_KẾT_TỚI
Duy Tân,Trung úy,LIÊN_KẾT_TỚI
Duy Tân,Đại úy,LIÊN_KẾT_TỚI
Duy Tân,Thiếu tá,LIÊN_KẾT_TỚI
Duy Tân,Bán đảo Đông Dương,LIÊN_KẾT_TỚI
Duy Tân,Đông Dương,LIÊN_KẾT_TỚI
Duy Tân,Hoàng đế,LIÊN_KẾT_TỚI
Duy Tân,Cao Văn Luận,LIÊN_KẾT_TỚI
Duy Tân,Việt kiều,LIÊN_KẾT_TỚI
Duy Tân,Liên hiệp Pháp,LIÊN_KẾT_TỚI
Duy Tân,Lạng Sơn,LIÊN_KẾT_TỚI
Duy Tân,Cà Mau,LIÊN_KẾT_TỚI
Duy Tân,GMT,LIÊN_KẾT_TỚI
Duy Tân,An Lăng,LIÊN_KẾT_TỚI
Duy Tân,Sài Gòn,LIÊN_KẾT_TỚI
Duy Tân,Việt Nam Cộng hòa,LIÊN_KẾT_TỚI
Duy Tân,Pháp thuộc,LIÊN_KẾT_TỚI
Duy Tân,Trường Đại học Kiến trúc Sài Gòn,LIÊN_KẾT_TỚI
Duy Tân,Trường Đại học Luật khoa Sài Gòn,LIÊN_KẾT_TỚI
Duy Tân,Phạm Duy,LIÊN_KẾT_TỚI
Duy Tân,Phạm Ngọc Thạch,LIÊN_KẾT_TỚI
Duy Tân,"Saint-Denis, Réunion",LIÊN_KẾT_TỚI
Duy Tân,Réunion,LIÊN_KẾT_TỚI
Duy Tân,Cầu Giấy (quận),LIÊN_KẾT_TỚI
Duy Tân,Móng Cái,LIÊN_KẾT_TỚI
Duy Tân,Đồng Hới,LIÊN_KẾT_TỚI
Duy Tân,Quảng Bình (tỉnh),LIÊN_KẾT_TỚI
Duy Tân,Trần Hưng Đạo,LIÊN_KẾT_TỚI
Duy Tân,Phạm Văn Đồng,LIÊN_KẾT_TỚI
Duy Tân,Đà Nẵng,LIÊN_KẾT_TỚI
Duy Tân,Nguyễn Văn Linh,LIÊN_KẾT_TỚI
Duy Tân,Sân bay Quốc tế Đà Nẵng,LIÊN_KẾT_TỚI
Duy Tân,Trường Đại học Duy Tân,LIÊN_KẾT_TỚI
Duy Tân,Phu Văn Lâu,LIÊN_KẾT_TỚI
Duy Tân,Thượng thư,LIÊN_KẾT_TỚI
Duy Tân,La Réunion,LIÊN_KẾT_TỚI
Duy Tân,Công giáo,LIÊN_KẾT_TỚI
Duy Tân,Guy Georges Vĩnh San,LIÊN_KẾT_TỚI
Duy Tân,Yves Claude Vĩnh San,LIÊN_KẾT_TỚI
Duy Tân,Dục Đức,LIÊN_KẾT_TỚI
Duy Tân,Hoàng tử Bảo Thắng,LIÊN_KẾT_TỚI
Duy Tân,Đại Nam Long tinh Viện,LIÊN_KẾT_TỚI
Duy Tân,Nguyễn Phúc Bảo Long,LIÊN_KẾT_TỚI
Duy Tân,Nha Trang,LIÊN_KẾT_TỚI
Duy Tân,Khánh Hòa,LIÊN_KẾT_TỚI
Khải Định,Vua Việt Nam,LIÊN_KẾT_TỚI
Khải Định,Đăng đàn cung,LIÊN_KẾT_TỚI
Khải Định,Trương Như Thị Tịnh,LIÊN_KẾT_TỚI
Khải Định,Hồ Thị Chỉ,LIÊN_KẾT_TỚI
Khải Định,Từ Cung Hoàng thái hậu,LIÊN_KẾT_TỚI
Khải Định,Hựu Thiên Thuần hoàng hậu,LIÊN_KẾT_TỚI
Khải Định,Hoằng Tông,LIÊN_KẾT_TỚI
Khải Định,Huế,LIÊN_KẾT_TỚI
Khải Định,Liên bang Đông Dương,LIÊN_KẾT_TỚI
Khải Định,Ứng Lăng,LIÊN_KẾT_TỚI
Khải Định,Hoàng đế,LIÊN_KẾT_TỚI
Khải Định,Huế (thành phố thuộc tỉnh),LIÊN_KẾT_TỚI
Khải Định,Ất Dậu,LIÊN_KẾT_TỚI
Khải Định,Đánh bạc,LIÊN_KẾT_TỚI
Khải Định,Trương Như Cương,LIÊN_KẾT_TỚI
Khải Định,Nguyễn Hữu Bài,LIÊN_KẾT_TỚI
Khải Định,Khâm sứ Trung kỳ,LIÊN_KẾT_TỚI
Khải Định,Marseille,LIÊN_KẾT_TỚI
Khải Định,Phan Châu Trinh,LIÊN_KẾT_TỚI
Khải Định,Thư thất điều,LIÊN_KẾT_TỚI
Khải Định,Hồ Chí Minh,LIÊN_KẾT_TỚI
Khải Định,Vi hành,LIÊN_KẾT_TỚI
Khải Định,Con rồng tre,LIÊN_KẾT_TỚI
Khải Định,Paris,LIÊN_KẾT_TỚI
Khải Định,Tháng chín,LIÊN_KẾT_TỚI
Khải Định,Ngô Đức Kế,LIÊN_KẾT_TỚI
Khải Định,Gia Long,LIÊN_KẾT_TỚI
Khải Định,Phương Tây,LIÊN_KẾT_TỚI
Khải Định,Lăng Khải Định,LIÊN_KẾT_TỚI
Khải Định,Ất Sửu,LIÊN_KẾT_TỚI
Khải Định,Hương Thủy,LIÊN_KẾT_TỚI
Khải Định,Thừa Thiên – Huế,LIÊN_KẾT_TỚI
Khải Định,Hoàng quý phi,LIÊN_KẾT_TỚI
Khải Định,Hồ Đắc Trung,LIÊN_KẾT_TỚI
Khải Định,Nguyễn Phúc Miên Miêu,LIÊN_KẾT_TỚI
Hiệp Hòa,Vua Việt Nam,LIÊN_KẾT_TỚI
Hiệp Hòa,Trương Thị Thận,LIÊN_KẾT_TỚI
Hiệp Hòa,Huế,LIÊN_KẾT_TỚI
Hiệp Hòa,Nguyễn Phúc Khoát,LIÊN_KẾT_TỚI
Hiệp Hòa,Nguyễn Phúc Hồng Kháng,LIÊN_KẾT_TỚI
Hiệp Hòa,Nguyễn Phúc Nhàn Đức,LIÊN_KẾT_TỚI
Hiệp Hòa,Án sát sứ,LIÊN_KẾT_TỚI
Hiệp Hòa,Quảng Nam,LIÊN_KẾT_TỚI
Hiệp Hòa,Nguyễn Phúc Bửu Trác,LIÊN_KẾT_TỚI
Hiệp Hòa,Khải Định,LIÊN_KẾT_TỚI
Hiệp Hòa,Tôn Thất Thuyết,LIÊN_KẾT_TỚI
Hiệp Hòa,Nguyễn Văn Tường,LIÊN_KẾT_TỚI
Hiệp Hòa,Hoàng thái hậu,LIÊN_KẾT_TỚI
Hiệp Hòa,Từ Dụ,LIÊN_KẾT_TỚI
Hiệp Hòa,Kim Long,LIÊN_KẾT_TỚI
Hiệp Hòa,Phạm Khắc Hòe,LIÊN_KẾT_TỚI
Hiệp Hòa,Bảo Đại,LIÊN_KẾT_TỚI
Hiệp Hòa,Tử Cấm thành (Huế),LIÊN_KẾT_TỚI
Hiệp Hòa,Việt Nam sử lược,LIÊN_KẾT_TỚI
Hiệp Hòa,Trần Tiễn Thành,LIÊN_KẾT_TỚI
Hiệp Hòa,Quý Mùi,LIÊN_KẾT_TỚI
Hiệp Hòa,Thành Thái,LIÊN_KẾT_TỚI
Hiệp Hòa,Trung Hoa,LIÊN_KẾT_TỚI
Hiệp Hòa,Bình Thuận (tỉnh),LIÊN_KẾT_TỚI
Hiệp Hòa,Nam Bộ Việt Nam,LIÊN_KẾT_TỚI
Hiệp Hòa,Việt sử tân biên,LIÊN_KẾT_TỚI
Hiệp Hòa,Ông Ích Khiêm,LIÊN_KẾT_TỚI
Hiệp Hòa,Tuy Lý vương,LIÊN_KẾT_TỚI
Hiệp Hòa,Quảng Ngãi,LIÊN_KẾT_TỚI
Hiệp Hòa,Thuận Hóa,LIÊN_KẾT_TỚI
Hiệp Hòa,Đại Nam thực lục,LIÊN_KẾT_TỚI
Hiệp Hòa,Trần Xuân Soạn,LIÊN_KẾT_TỚI
Hiệp Hòa,Bắc Kỳ,LIÊN_KẾT_TỚI
Hiệp Hòa,François Jules Harmand,LIÊN_KẾT_TỚI
Hiệp Hòa,Hoàng Kế Viêm,LIÊN_KẾT_TỚI
Hiệp Hòa,Trương Quang Đản,LIÊN_KẾT_TỚI
Hiệp Hòa,Tùng Thiện Vương,LIÊN_KẾT_TỚI
Hiệp Hòa,Quốc sử quán (triều Nguyễn),LIÊN_KẾT_TỚI
Hiệp Hòa,Trần Trọng Kim,LIÊN_KẾT_TỚI
Hiệp Hòa,Thành phố Hồ Chí Minh,LIÊN_KẾT_TỚI
Hiệp Hòa,Phạm Văn Sơn,LIÊN_KẾT_TỚI
Hiệp Hòa,Paris,LIÊN_KẾT_TỚI
